Pk,Tm,Player,Player2,College,Year,Pro_height,Pro_weight,DOB,PreNBA_height,PreNBA_weight
1,CLE,lebron-james,lebron-james,,2003,81,250,12/30/1984,,
2,DET,darko-miličić,darko-milicic,,2003,84,250,6/20/1985,,
3,DEN,carmelo-anthony,carmelo-anthony,Syracuse,2003,79,238,5/29/1984,80,230
4,TOR,chris-bosh,chris-bosh,Georgia Tech,2003,83,235,3/24/1984,82,228
5,MIA,dwyane-wade,dwyane-wade,Marquette,2003,76,220,1/17/1982,76,212
6,LAC,chris-kaman,chris-kaman,Central Michigan University,2003,84,265,4/28/1982,84,268
7,CHI,kirk-hinrich,kirk-hinrich,Kansas,2003,76,190,1/2/1981,75,190
8,MIL,t.j.-ford,t.j.-ford,Texas,2003,72,165,3/24/1983,72,165
9,NYK,mike-sweetney,mike-sweetney,Georgetown,2003,80,275,10/25/1982,80,275
10,WAS,jarvis-hayes,jarvis-hayes,Georgia,2003,79,220,8/9/1981,79,220
11,GSW,mickaël-piétrus,mickael-pietrus,,2003,78,215,2/7/1982,,
12,SEA,nick-collison,nick-collison,Kansas,2003,82,255,10/26/1980,81,255
13,MEM,marcus-banks,marcus-banks,UNLV,2003,74,200,11/19/1981,74,200
14,SEA,luke-ridnour,luke-ridnour,Oregon,2003,74,175,2/13/1981,74,175
15,ORL,reece-gaines,reece-gaines,Louisville,2003,78,205,1/7/1981,78,205
16,BOS,troy-bell,troy-bell,Boston College,2003,73,180,11/10/1980,73,180
17,PHO,žarko-čabarkapa,zarko-cabarkapa,,2003,83,235,5/21/1981,,
18,NOH,david-west,david-west,Xavier,2003,81,250,8/29/1980,81,240
19,UTA,sasha-pavlović,sasha-pavlovic,,2003,80,220,11/15/1983,,
20,BOS,dahntay-jones,dahntay-jones,Duke,2003,78,225,12/27/1980,78,210
21,ATL,boris-diaw,boris-diaw,,2003,80,250,4/16/1982,,
22,NJN,zoran-planinić,zoran-planinic,,2003,79,195,9/12/1982,,
23,POR,travis-outlaw,travis-outlaw,,2003,81,210,9/18/1984,,
24,LAL,brian-cook,brian-cook,Illinois,2003,81,234,12/4/1980,81,234
25,DET,carlos-delfino,carlos-delfino,,2003,78,230,8/29/1982,,
26,MIN,ndudi-ebi,ndudi-ebi,,2003,81,200,6/18/1984,,
27,MEM,kendrick-perkins,kendrick-perkins,,2003,82,270,11/10/1984,,
28,SAS,leandro-barbosa,leandro-barbosa,,2003,75,194,11/28/1982,,
29,DAL,josh-howard,josh-howard,Wake Forest,2003,79,210,4/28/1980,79,210
30,NYK,maciej-lampe,maciej-lampe,,2003,83,275,2/5/1985,,
31,CLE,jason-kapono,jason-kapono,UCLA,2003,80,213,2/4/1981,80,213
32,LAL,luke-walton,luke-walton,Arizona,2003,80,235,3/28/1980,80,235
33,MIA,jerome-beasley,jerome-beasley,University of North Dakota,2003,82,237,5/17/1980,,
34,LAC,sofoklis-schortsanitis,sofoklis-schortsanitis,,2003,82,345,6/22/1985,,
35,MIL,szymon-szewczyk,szymon-szewczyk,,2003,82,242,12/21/1982,,
36,CHI,mario-austin,mario-austin,Mississippi State,2003,81,264,2/26/1982,81,260
37,ATL,travis-hansen,travis-hansen,BYU,2003,78,205,4/15/1978,78,205
38,WAS,steve-blake,steve-blake,Maryland,2003,75,172,2/26/1980,75,172
39,NYK,slavko-vraneš,slavko-vranes,,2003,89,275,1/30/1983,,
40,GSW,derrick-zimmerman,derrick-zimmerman,Mississippi State,2003,75,195,12/2/1981,75,195
41,SEA,willie-green,willie-green,Detroit Mercy,2003,76,200,7/28/1981,76,200
42,ORL,zaza-pachulia,zaza-pachulia,,2003,83,270,2/10/1984,,
43,MIL,keith-bogans,keith-bogans,Kentucky,2003,77,215,5/12/1980,77,215
44,HOU,malick-badiane,malick-badiane,,2003,,,,,
45,CHI,matt-bonner,matt-bonner,Florida,2003,82,235,4/5/1980,82,240
46,DEN,sani-bečirovič,sani-becirovic,,2003,77,210,5/19/1981,,
47,UTA,mo-williams,mo-williams,Alabama,2003,73,198,12/19/1982,73,185
48,NOH,james-lang,james-lang,,2003,82,285,10/17/1983,,
49,IND,james-jones,james-jones,Miami (FL),2003,80,218,10/4/1980,80,225
50,PHI,paccelis-morlende,paccelis-morlende,,2003,74,185,4/19/1981,,
51,NJN,kyle-korver,kyle-korver,Creighton,2003,79,212,3/17/1981,79,210
52,TOR,remon-van-de-hare,remon-van-de-hare,,2003,,,,,
53,CHI,tommy-smith,tommy-smith,Arizona State,2003,,,,,
54,POR,nedžad-sinanović,nedzad-sinanovic,,2003,88,250,1/29/1983,,
55,MIN,rick-rickert,rick-rickert,Minnesota,2003,,,,,
56,BOS,brandon-hunter,brandon-hunter,Ohio University,2003,79,260,11/24/1980,79,260
57,DAL,xue-yuyang,xue-yuyang,,2003,84,265,11/4/1982,,
58,DET,andreas-glyniadakis,andreas-glyniadakis,,2003,85,280,8/21/1981,,
1,ORL,dwight-howard,dwight-howard,,2004,82,265,12/8/1985,,
2,CHA,emeka-okafor,emeka-okafor,UConn,2004,82,252,9/28/1982,82,252
3,CHI,ben-gordon,ben-gordon,UConn,2004,75,200,4/4/1983,75,200
4,LAC,shaun-livingston,shaun-livingston,,2004,79,192,9/11/1985,,
5,WAS,devin-harris,devin-harris,Wisconsin,2004,75,185,2/27/1983,75,185
6,ATL,josh-childress,josh-childress,Stanford,2004,80,210,6/20/1983,80,210
7,PHO,luol-deng,luol-deng,Duke,2004,81,237,4/16/1985,80,220
8,TOR,rafael-araújo,rafael-araujo,BYU,2004,83,280,8/12/1980,83,280
9,PHI,andre-iguodala,andre-iguodala,Arizona,2004,78,215,1/28/1984,78,207
10,CLE,luke-jackson,luke-jackson,Oregon,2004,79,215,11/6/1981,79,215
11,GSW,andris-biedriņš,andris-biedrins,,2004,83,240,4/2/1986,,
12,SEA,robert-swift,robert-swift,,2004,84,245,12/3/1985,,
13,POR,sebastian-telfair,sebastian-telfair,,2004,72,165,6/9/1985,,
14,UTA,kris-humphries,kris-humphries,Minnesota,2004,81,235,2/6/1985,81,235
15,BOS,al-jefferson,al-jefferson,,2004,82,289,1/4/1985,,
16,UTA,kirk-snyder,kirk-snyder,Nevada,2004,78,225,6/5/1983,78,225
17,ATL,josh-smith,josh-smith,,2004,81,225,12/5/1985,,
18,NOH,j.r.-smith,j.r.-smith,,2004,78,225,9/9/1985,,
19,MIA,dorell-wright,dorell-wright,,2004,81,205,12/2/1985,,
20,DEN,jameer-nelson,jameer-nelson,Saint Joseph's,2004,72,190,2/9/1982,72,190
21,UTA,pavel-podkolzin,pavel-podkolzin,,2004,89,260,1/15/1985,,
22,NJN,viktor-khryapa,viktor-khryapa,,2004,81,210,8/3/1982,,
23,POR,sergei-monia,sergei-monia,,2004,80,220,4/15/1983,,
24,BOS,delonte-west,delonte-west,Saint Joseph's,2004,76,180,7/26/1983,76,180
25,BOS,tony-allen,tony-allen,Oklahoma State,2004,76,213,1/11/1982,76,213
26,SAC,kevin-martin,kevin-martin,Western Carolina University,2004,79,199,2/1/1983,79,185
27,LAL,sasha-vujačić,sasha-vujacic,,2004,79,195,3/8/1984,,
28,SAS,beno-udrih,beno-udrih,,2004,75,205,7/5/1982,,
29,IND,david-harrison,david-harrison,Colorado,2004,84,280,8/15/1982,84,280
30,ORL,anderson-varejão,anderson-varejao,,2004,82,273,9/28/1982,,
31,CHI,jackson-vroman,jackson-vroman,Iowa State,2004,82,220,6/6/1981,82,220
32,WAS,peter-john-ramos,peter-john-ramos,,2004,87,275,5/13/1985,,
33,LAC,lionel-chalmers,lionel-chalmers,Xavier,2004,72,180,11/10/1980,72,180
34,ATL,donta-smith,donta-smith,Southeastern Illinois College,2004,79,215,11/27/1983,,
35,SEA,andre-emmett,andre-emmett,Texas Tech,2004,77,230,8/27/1982,77,230
36,ORL,antonio-burks,antonio-burks,Memphis,2004,73,200,2/25/1980,73,200
37,ATL,royal-ivey,royal-ivey,Texas,2004,75,200,12/20/1981,75,200
38,CHI,chris-duhon,chris-duhon,Duke,2004,73,185,8/31/1982,73,185
39,TOR,albert-miralles,albert-miralles,,2004,82,243,5/14/1982,,
40,BOS,justin-reed,justin-reed,Ole Miss,2004,80,240,1/16/1982,80,240
41,SEA,david-young,david-young,NC Central,2004,,,,,
42,ATL,viktor-sanikidze,viktor-sanikidze,,2004,80,220,4/1/1986,,
43,NYK,trevor-ariza,trevor-ariza,UCLA,2004,80,215,6/30/1985,80,200
44,NOH,tim-pickett,tim-pickett,Florida State,2004,,,,,
45,CHA,bernard-robinson,bernard-robinson,Michigan,2004,78,210,12/26/1980,78,210
46,POR,ha-seung-jin,ha-seung-jin,,2004,87,305,8/4/1985,,
47,MIA,pape-sow,pape-sow,Cal State Fullerton,2004,82,250,11/22/1981,82,250
48,SAC,ricky-minard,ricky-minard,Morehead State University,2004,,,,,
49,MEM,sergei-lishouk,sergei-lishouk,,2004,83,250,3/31/1982,,
50,DAL,vassilis-spanoulis,vassilis-spanoulis,,2004,76,195,8/7/1982,,
51,NJN,christian-drejer,christian-drejer,Florida,2004,,,,,
52,SAS,romain-sato,romain-sato,Xavier,2004,,,,,
53,MIA,matt-freije,matt-freije,Vanderbilt,2004,82,240,10/2/1981,82,240
54,DET,rickey-paulding,rickey-paulding,Missouri,2004,,,,,
55,HOU,luis-flores,luis-flores,Manhattan College,2004,74,200,4/11/1981,74,200
56,LAL,marcus-douthit,marcus-douthit,Providence,2004,,,,,
57,SAS,sergei-karaulov,sergei-karaulov,,2004,85,249,4/15/1982,,
58,MIN,blake-stepp,blake-stepp,Gonzaga,2004,,,,,
59,IND,rashad-wright,rashad-wright,Georgia,2004,,,,,
1,MIL,andrew-bogut,andrew-bogut,Utah,2005,84,260,11/28/1984,84,245
2,ATL,marvin-williams,marvin-williams,UNC,2005,80,237,6/19/1986,81,230
3,UTA,deron-williams,deron-williams,Illinois,2005,75,200,6/26/1984,75,210
4,NOH,chris-paul,chris-paul,Wake Forest,2005,72,175,5/6/1985,72,175
5,CHA,raymond-felton,raymond-felton,UNC,2005,73,205,6/26/1984,73,198
6,POR,martell-webster,martell-webster,,2005,79,230,12/4/1986,,
7,TOR,charlie-villanueva,charlie-villanueva,UConn,2005,83,232,8/24/1984,83,240
8,NYK,channing-frye,channing-frye,Arizona,2005,84,255,5/17/1983,83,248
9,GSW,ike-diogu,ike-diogu,Arizona State,2005,80,250,9/11/1983,80,250
10,LAL,andrew-bynum,andrew-bynum,,2005,84,285,10/27/1987,,
11,ORL,fran-vázquez,fran-vazquez,,2005,82,240,5/1/1983,,
12,LAC,yaroslav-korolev,yaroslav-korolev,,2005,81,203,5/7/1987,,
13,CHA,sean-may,sean-may,UNC,2005,81,266,4/4/1984,81,266
14,MIN,rashad-mccants,rashad-mccants,UNC,2005,76,207,9/25/1984,76,207
15,NJN,antoine-wright,antoine-wright,Texas A&M,2005,79,210,2/6/1984,79,210
16,TOR,joey-graham,joey-graham,Oklahoma State,2005,79,225,6/11/1982,79,225
17,IND,danny-granger,danny-granger,New Mexico,2005,81,222,4/20/1983,80,225
18,BOS,gerald-green,gerald-green,,2005,78,205,1/26/1986,,
19,MEM,hakim-warrick,hakim-warrick,Syracuse,2005,81,219,7/8/1982,81,219
20,DEN,julius-hodge,julius-hodge,NC State,2005,79,210,11/18/1983,79,210
21,PHO,nate-robinson,nate-robinson,Washington,2005,69,180,5/31/1984,69,180
22,DEN,jarrett-jack,jarrett-jack,Georgia Tech,2005,75,200,10/28/1983,75,202
23,SAC,francisco-garcía,francisco-garcia,Louisville,2005,79,195,12/31/1981,79,195
24,HOU,luther-head,luther-head,Illinois,2005,75,185,11/26/1982,75,185
25,SEA,johan-petro,johan-petro,,2005,84,247,1/27/1986,,
26,DET,jason-maxiell,jason-maxiell,Cincinnati,2005,79,260,2/18/1983,79,260
27,POR,linas-kleiza,linas-kleiza,Missouri,2005,80,245,1/3/1985,80,245
28,SAS,ian-mahinmi,ian-mahinmi,,2005,83,262,11/5/1986,,
29,MIA,wayne-simien,wayne-simien,Kansas,2005,81,255,3/9/1983,81,255
30,NYK,david-lee,david-lee,Florida,2005,81,245,4/29/1983,81,249
31,ATL,salim-stoudamire,salim-stoudamire,Arizona,2005,73,179,10/11/1982,73,179
32,LAC,daniel-ewing,daniel-ewing,Duke,2005,75,185,3/26/1983,75,185
33,NOH,brandon-bass,brandon-bass,LSU,2005,80,250,4/30/1985,80,240
34,UTA,c.j.-miles,c.j.-miles,,2005,78,220,3/18/1987,,
35,POR,ricky-sánchez,ricky-sanchez,,2005,83,230,7/6/1987,,
36,MIL,ersan-i̇lyasova,ersan-ilyasova,,2005,81,235,5/15/1987,,
37,LAL,ronny-turiaf,ronny-turiaf,Gonzaga,2005,82,249,1/13/1983,82,249
38,ORL,travis-diener,travis-diener,Marquette,2005,73,175,3/1/1982,73,175
39,LAL,von-wafer,von-wafer,Florida State,2005,77,210,7/21/1985,77,210
40,GSW,monta-ellis,monta-ellis,,2005,75,185,10/26/1985,,
41,TOR,roko-ukić,roko-ukic,,2005,77,183,5/12/1984,,
42,GSW,chris-taft,chris-taft,Pitt,2005,82,260,3/10/1985,82,260
43,NJN,mile-ilić,mile-ilic,,2005,85,230,6/2/1984,,
44,ORL,martynas-andriuškevičius,martynas-andriuskevicius,,2005,86,240,3/12/1986,,
45,PHI,lou-williams,lou-williams,,2005,73,175,10/27/1986,,
46,IND,erazem-lorbek,erazem-lorbek,,2005,82,250,2/21/1984,82,240
47,MIN,bracey-wright,bracey-wright,Indiana,2005,75,210,7/1/1984,75,210
48,SEA,mickaël-gelabale,mickael-gelabale,,2005,79,215,5/22/1983,,
49,WAS,andray-blatche,andray-blatche,,2005,83,235,8/22/1986,,
50,BOS,ryan-gomes,ryan-gomes,Providence,2005,79,250,9/1/1982,79,250
51,UTA,robert-whaley,robert-whaley,Walsh University,2005,82,260,4/16/1982,82,260
52,DEN,axel-hervelle,axel-hervelle,,2005,81,223,12/5/1983,,
53,BOS,orien-greene,orien-greene,Louisiana,2005,76,208,2/4/1982,76,208
54,NYK,dijon-thompson,dijon-thompson,UCLA,2005,79,195,2/23/1983,79,195
55,SEA,lawrence-roberts,lawrence-roberts,Mississippi State,2005,81,240,10/20/1982,81,240
56,DET,amir-johnson,amir-johnson,,2005,81,240,5/1/1987,,
57,PHO,marcin-gortat,marcin-gortat,,2005,83,240,2/17/1984,,
58,TOR,uroš-slokar,uros-slokar,,2005,82,238,5/14/1983,,
59,ATL,cenk-akyol,cenk-akyol,,2005,78,195,4/16/1987,,
60,DET,alex-acker,alex-acker,Pepperdine,2005,77,185,1/21/1983,77,185
1,TOR,andrea-bargnani,andrea-bargnani,,2006,84,245,10/26/1985,,
2,CHI,lamarcus-aldridge,lamarcus-aldridge,Texas,2006,83,250,7/19/1985,83,240
3,CHA,adam-morrison,adam-morrison,Gonzaga,2006,80,205,7/19/1984,80,205
4,POR,tyrus-thomas,tyrus-thomas,LSU,2006,81,215,8/17/1986,81,215
5,ATL,shelden-williams,shelden-williams,Duke,2006,81,250,10/21/1983,81,250
6,MIN,brandon-roy,brandon-roy,Washington,2006,78,215,7/23/1984,78,215
7,BOS,randy-foye,randy-foye,Villanova,2006,76,213,9/24/1983,76,210
8,HOU,rudy-gay,rudy-gay,UConn,2006,80,250,8/17/1986,81,220
9,GSW,patrick-o'bryant,patrick-o'bryant,Bradley,2006,84,260,6/20/1986,84,260
10,SEA,mouhamed-sene,mouhamed-sene,,2006,83,230,5/12/1986,,
11,ORL,j.j.-redick,j.j.-redick,Duke,2006,75,200,6/24/1984,76,190
12,NOK,hilton-armstrong,hilton-armstrong,UConn,2006,83,235,11/11/1984,83,235
13,PHI,thabo-sefolosha,thabo-sefolosha,,2006,78,215,5/2/1984,,
14,UTA,ronnie-brewer,ronnie-brewer,Arkansas,2006,79,220,3/20/1985,79,220
15,NOK,cedric-simmons,cedric-simmons,NC State,2006,81,235,1/3/1986,81,235
16,CHI,rodney-carney,rodney-carney,Memphis,2006,79,205,4/15/1984,79,205
17,IND,shawne-williams,shawne-williams,Memphis,2006,81,225,2/16/1986,81,225
18,WAS,oleksiy-pecherov,oleksiy-pecherov,,2006,84,232,12/8/1985,,
19,SAC,quincy-douby,quincy-douby,Rutgers University,2006,75,175,5/16/1984,75,175
20,NYK,renaldo-balkman,renaldo-balkman,South Carolina,2006,80,208,7/14/1984,80,208
21,PHO,rajon-rondo,rajon-rondo,Kentucky,2006,73,180,2/22/1986,73,171
22,NJN,marcus-williams,marcus-williams,UConn,2006,75,205,12/3/1985,75,205
23,NJN,josh-boone,josh-boone,UConn,2006,82,237,11/21/1984,82,237
24,MEM,kyle-lowry,kyle-lowry,Villanova,2006,72,196,3/25/1986,72,175
25,CLE,shannon-brown,shannon-brown,Michigan State,2006,76,205,11/29/1985,76,205
26,LAL,jordan-farmar,jordan-farmar,UCLA,2006,74,180,11/30/1986,74,180
27,PHO,sergio-rodríguez,sergio-rodriguez,,2006,75,176,6/12/1986,,
28,DAL,maurice-ager,maurice-ager,Michigan State,2006,77,202,2/9/1984,77,202
29,NYK,mardy-collins,mardy-collins,Temple,2006,78,220,8/4/1984,78,220
30,POR,joel-freeland,joel-freeland,,2006,82,250,2/7/1987,,
31,POR,james-white,james-white,Cincinnati,2006,79,200,10/21/1982,79,200
32,HOU,steve-novak,steve-novak,Marquette,2006,82,225,6/13/1983,82,220
33,ATL,solomon-jones,solomon-jones,South Florida,2006,82,230,7/16/1984,82,230
34,LAC,paul-davis,paul-davis,Michigan State,2006,83,270,7/21/1984,83,270
35,TOR,p.j.-tucker,p.j.-tucker,Texas,2006,77,245,5/5/1985,77,225
36,MIN,craig-smith,craig-smith,Boston College,2006,79,250,11/10/1983,79,250
37,MIN,bobby-jones,bobby-jones,Washington,2006,79,215,1/9/1984,79,215
38,GSW,kosta-perović,kosta-perovic,,2006,86,240,2/19/1985,,
39,MIL,david-noel,david-noel,UNC,2006,78,230,2/27/1984,78,230
40,SEA,denham-brown,denham-brown,UConn,2006,,,,,
41,ORL,james-augustine,james-augustine,Illinois,2006,82,235,2/27/1984,82,235
42,CLE,daniel-gibson,daniel-gibson,Texas,2006,74,190,2/27/1986,74,190
43,NOK,marcus-vinicius,marcus-vinicius,,2006,80,225,5/31/1984,,
44,ORL,lior-eliyahu,lior-eliyahu,,2006,81,225,9/9/1985,,
45,IND,alexander-johnson,alexander-johnson,Florida State,2006,81,240,2/8/1983,81,240
46,UTA,dee-brown,dee-brown,Illinois,2006,72,185,8/17/1984,72,185
47,UTA,paul-millsap,paul-millsap,Louisiana Tech,2006,79,257,2/10/1985,80,245
48,WAS,vladimir-veremeenko,vladimir-veremeenko,,2006,82,235,7/21/1984,,
49,DEN,leon-powe,leon-powe,California,2006,80,240,1/22/1984,80,240
50,CHA,ryan-hollins,ryan-hollins,UCLA,2006,84,240,10/10/1984,84,230
51,LAL,cheikh-samb,cheikh-samb,,2006,85,245,10/22/1984,,
52,LAC,guillermo-díaz,guillermo-diaz,Miami (FL),2006,74,192,3/4/1985,74,192
53,SEA,yotam-halperin,yotam-halperin,,2006,77,210,1/24/1984,,
54,NJN,hassan-adams,hassan-adams,Arizona,2006,76,220,6/20/1984,76,220
55,CLE,ejike-ugboaja,ejike-ugboaja,,2006,81,225,5/28/1985,,
56,TOR,edin-bavčić,edin-bavcic,,2006,82,242,6/5/1984,,
57,MIN,loukas-mavrokefalidis,loukas-mavrokefalidis,,2006,,,,,
58,DAL,j.r.-pinnock,j.r.-pinnock,George Washington,2006,,,,,
59,SAS,damir-markota,damir-markota,,2006,82,225,12/26/1985,,
60,DET,will-blalock,will-blalock,Iowa State,2006,72,205,9/8/1983,72,205
1,POR,greg-oden,greg-oden,Ohio State,2007,84,250,1/22/1988,84,250
2,SEA,kevin-durant,kevin-durant,Texas,2007,82,240,9/29/1988,81,215
3,ATL,al-horford,al-horford,Florida,2007,81,240,6/3/1986,82,245
4,MEM,mike-conley,mike-conley,Ohio State,2007,73,175,10/11/1987,73,180
5,BOS,jeff-green,jeff-green,Georgetown,2007,80,235,8/28/1986,81,235
6,MIL,yi-jianlian,yi-jianlian,,2007,84,240,10/27/1987,,
7,MIN,corey-brewer,corey-brewer,Florida,2007,81,186,3/5/1986,81,185
8,CHA,brandan-wright,brandan-wright,UNC,2007,82,210,10/5/1987,81,205
9,CHI,joakim-noah,joakim-noah,Florida,2007,83,230,2/25/1985,83,232
10,SAC,spencer-hawes,spencer-hawes,Washington,2007,85,245,4/28/1988,84,245
11,ATL,acie-law,acie-law,Texas A&M,2007,75,195,1/25/1985,75,195
12,PHI,thaddeus-young,thaddeus-young,Georgia Tech,2007,80,235,6/21/1988,80,220
13,NOK,julian-wright,julian-wright,Kansas,2007,80,225,5/20/1987,80,225
14,LAC,al-thornton,al-thornton,Florida State,2007,80,220,12/7/1983,80,220
15,DET,rodney-stuckey,rodney-stuckey,Eastern Washington,2007,77,210,4/21/1986,77,205
16,WAS,nick-young,nick-young,USC,2007,79,210,6/1/1985,78,200
17,NJN,sean-williams,sean-williams,Boston College,2007,82,235,9/13/1986,82,235
18,GSW,marco-belinelli,marco-belinelli,,2007,77,220,3/25/1986,,
19,LAL,javaris-crittenton,javaris-crittenton,Georgia Tech,2007,77,200,12/31/1987,77,200
20,MIA,jason-smith,jason-smith,Colorado State,2007,84,240,3/2/1986,84,240
21,PHI,daequan-cook,daequan-cook,Ohio State,2007,77,205,4/28/1987,77,205
22,CHA,jared-dudley,jared-dudley,Boston College,2007,78,237,7/10/1985,79,225
23,NYK,wilson-chandler,wilson-chandler,DePaul,2007,80,235,5/10/1987,80,220
24,PHO,rudy-fernández,rudy-fernandez,,2007,78,185,4/4/1985,,
25,UTA,morris-almond,morris-almond,Rice University,2007,78,225,2/2/1985,78,225
26,HOU,aaron-brooks,aaron-brooks,Oregon,2007,72,161,1/14/1985,72,161
27,DET,arron-afflalo,arron-afflalo,UCLA,2007,77,210,10/15/1985,77,215
28,SAS,tiago-splitter,tiago-splitter,,2007,83,245,1/1/1985,,
29,PHO,alando-tucker,alando-tucker,Wisconsin,2007,78,205,2/11/1984,78,205
30,PHI,petteri-koponen,petteri-koponen,,2007,76,195,4/13/1988,,
31,SEA,carl-landry,carl-landry,Purdue,2007,81,248,9/19/1983,81,248
32,BOS,gabe-pruitt,gabe-pruitt,USC,2007,76,170,4/19/1986,76,170
33,SAS,marcus-williams,marcus-williams,Arizona,2007,79,205,11/18/1986,79,205
34,DAL,nick-fazekas,nick-fazekas,Nevada,2007,83,235,6/17/1985,83,235
35,SEA,glen-davis,glen-davis,LSU,2007,81,289,1/1/1986,81,289
36,GSW,jermareo-davidson,jermareo-davidson,Alabama,2007,82,230,11/15/1984,82,230
37,POR,josh-mcroberts,josh-mcroberts,Duke,2007,82,240,2/28/1987,82,240
38,PHI,kyrylo-fesenko,kyrylo-fesenko,,2007,85,288,12/24/1986,,
39,MIA,stanko-barać,stanko-barac,,2007,85,240,8/14/1986,,
40,LAL,sun-yue,sun-yue,,2007,81,205,11/6/1985,,
41,MIN,chris-richard,chris-richard,Florida,2007,81,270,12/25/1984,81,270
42,POR,derrick-byars,derrick-byars,Vanderbilt,2007,79,220,4/25/1984,79,220
43,NOK,adam-haluska,adam-haluska,Iowa,2007,,,,,
44,ORL,reyshawn-terry,reyshawn-terry,UNC,2007,,,,,
45,LAC,jared-jordan,jared-jordan,Marist College,2007,,,,,
46,GSW,stéphane-lasme,stephane-lasme,UMass,2007,80,215,12/17/1982,80,215
47,WAS,dominic-mcguire,dominic-mcguire,Fresno State,2007,81,220,10/20/1985,81,220
48,LAL,marc-gasol,marc-gasol,,2007,83,255,1/29/1985,,
49,CHI,aaron-gray,aaron-gray,Pitt,2007,84,270,12/7/1984,84,270
50,DAL,renaldas-seibutis,renaldas-seibutis,,2007,78,185,7/23/1985,,
51,CHI,jameson-curry,jameson-curry,Oklahoma State,2007,75,190,1/7/1986,75,190
52,POR,taurean-green,taurean-green,Florida,2007,72,177,11/28/1986,72,177
53,POR,demetris-nichols,demetris-nichols,Syracuse,2007,80,216,9/4/1984,80,216
54,HOU,brad-newley,brad-newley,,2007,78,205,2/18/1985,,
55,UTA,herbert-hill,herbert-hill,Providence,2007,,,,,
56,MIL,ramon-sessions,ramon-sessions,Nevada,2007,75,190,4/11/1986,75,190
57,DET,sammy-mejia,sammy-mejia,DePaul,2007,,,,,
58,SAS,georgios-printezis,georgios-printezis,,2007,81,240,2/22/1985,,
59,PHO,d.j.-strawberry,d.j.-strawberry,Maryland,2007,77,201,6/15/1985,77,201
60,DAL,milovan-raković,milovan-rakovic,,2007,82,280,2/19/1985,,
1,CHI,derrick-rose,derrick-rose,Memphis,2008,74,200,10/4/1988,75,190
2,MIA,michael-beasley,michael-beasley,Kansas State,2008,81,235,1/9/1989,81,235
3,MIN,o.j.-mayo,o.j.-mayo,USC,2008,77,210,11/5/1987,76,210
4,SEA,russell-westbrook,russell-westbrook,UCLA,2008,75,200,11/12/1988,75,187
5,MEM,kevin-love,kevin-love,UCLA,2008,80,251,9/7/1988,82,260
6,NYK,danilo-gallinari,danilo-gallinari,,2008,82,233,8/8/1988,,
7,LAC,eric-gordon,eric-gordon,Indiana,2008,75,215,12/25/1988,75,222
8,MIL,joe-alexander,joe-alexander,West Virginia,2008,80,230,12/26/1986,80,230
9,CHA,d.j.-augustin,d.j.-augustin,Texas,2008,71,183,11/10/1987,72,180
10,NJN,brook-lopez,brook-lopez,Stanford,2008,84,282,4/1/1988,84,260
11,IND,jerryd-bayless,jerryd-bayless,Arizona,2008,75,200,8/20/1988,75,200
12,SAC,jason-thompson,jason-thompson,Rider University,2008,83,250,7/21/1986,83,250
13,POR,brandon-rush,brandon-rush,Kansas,2008,78,220,7/7/1985,78,210
14,GSW,anthony-randolph,anthony-randolph,LSU,2008,82,205,7/15/1989,82,205
15,PHO,robin-lopez,robin-lopez,Stanford,2008,84,281,4/1/1988,84,255
16,PHI,marreese-speights,marreese-speights,Florida,2008,82,255,8/4/1987,82,245
17,TOR,roy-hibbert,roy-hibbert,Georgetown,2008,86,270,12/11/1986,86,278
18,WAS,javale-mcgee,javale-mcgee,Nevada,2008,84,270,1/19/1988,84,237
19,CLE,j.j.-hickson,j.j.-hickson,NC State,2008,81,242,9/4/1988,81,242
20,CHA,alexis-ajinça,alexis-ajinca,,2008,86,248,5/6/1988,,
21,NJN,ryan-anderson,ryan-anderson,California,2008,81,240,5/6/1988,81,216
22,ORL,courtney-lee,courtney-lee,Western Kentucky,2008,77,215,10/3/1985,77,200
23,UTA,kosta-koufos,kosta-koufos,Ohio State,2008,84,245,2/24/1989,84,265
24,SEA,serge-ibaka,serge-ibaka,,2008,82,235,9/18/1989,,
25,HOU,nicolas-batum,nicolas-batum,,2008,80,230,12/14/1988,,
26,SAS,george-hill,george-hill,IUPUI,2008,76,188,5/4/1986,74,180
27,NOH,darrell-arthur,darrell-arthur,Kansas,2008,81,235,3/25/1988,81,225
28,MEM,donté-greene,donte-greene,Syracuse,2008,83,226,2/21/1988,83,226
29,DET,d.j.-white,d.j.-white,Indiana,2008,81,251,8/31/1986,81,251
30,BOS,j.r.-giddens,j.r.-giddens,New Mexico,2008,77,215,2/13/1985,77,215
31,MIN,nikola-peković,nikola-pekovic,,2008,83,307,1/3/1986,,
32,SEA,walter-sharpe,walter-sharpe,UAB,2008,81,245,7/18/1986,81,245
33,POR,joey-dorsey,joey-dorsey,Memphis,2008,80,268,12/16/1983,80,268
34,MIN,mario-chalmers,mario-chalmers,Kansas,2008,74,190,5/19/1986,73,190
35,LAC,deandre-jordan,deandre-jordan,Texas A&M,2008,83,265,7/21/1988,83,250
36,POR,ömer-aşık,omer-ask,,2008,84,255,7/4/1986,,
37,MIL,luc-mbah-a-moute,luc-mbah-a-moute,UCLA,2008,80,230,9/9/1986,80,230
38,CHA,kyle-weaver,kyle-weaver,Washington State,2008,78,201,2/18/1986,78,201
39,CHI,sonny-weems,sonny-weems,Arkansas,2008,78,205,7/8/1986,78,203
40,NJN,chris-douglas-roberts,chris-douglas-roberts,Memphis,2008,79,200,1/8/1987,79,200
41,IND,nathan-jawai,nathan-jawai,,2008,82,280,10/10/1986,,
42,SAC,sean-singletary,sean-singletary,Virginia,2008,72,185,9/6/1985,72,185
43,SAC,patrick-ewing,patrick-ewing,Georgetown,2008,80,235,5/20/1984,80,240
44,UTA,ante-tomić,ante-tomic,,2008,86,265,2/17/1987,,
45,SAS,goran-dragić,goran-dragic,,2008,75,190,5/6/1986,,
46,SEA,trent-plaisted,trent-plaisted,Brigham Young University Hawaii,2008,,,,,
47,WAS,henry-walker,henry-walker,Kansas State,2008,78,220,10/9/1987,78,220
48,PHO,malik-hairston,malik-hairston,Oregon,2008,78,220,2/23/1987,78,220
49,GSW,richard-hendrix,richard-hendrix,Alabama,2008,,,,,
50,SEA,devon-hardin,devon-hardin,California,2008,83,250,8/7/1986,83,250
51,DAL,shan-foster,shan-foster,Vanderbilt,2008,,,,,
52,MIA,darnell-jackson,darnell-jackson,Kansas,2008,81,253,11/7/1985,81,253
53,UTA,tadija-dragićević,tadija-dragicevic,,2008,81,222,1/28/1986,,
54,HOU,maarty-leunen,maarty-leunen,Oregon,2008,81,220,9/3/1985,81,220
55,POR,mike-taylor,mike-taylor,Iowa State,2008,74,165,1/21/1986,74,165
56,SEA,sasha-kaun,sasha-kaun,Kansas,2008,83,260,5/8/1985,83,250
57,SAS,james-gist,james-gist,Maryland,2008,,,,,
58,LAL,joe-crawford,joe-crawford,Kentucky,2008,77,210,6/17/1986,77,210
59,DET,deron-washington,deron-washington,Virginia Tech,2008,,,,,
60,BOS,semih-erden,semih-erden,,2008,84,240,7/28/1986,,
1,LAC,blake-griffin,blake-griffin,Oklahoma,2009,81,250,3/16/1989,82,251
2,MEM,hasheem-thabeet,hasheem-thabeet,UConn,2009,87,263,2/16/1987,87,263
3,OKC,james-harden,james-harden,Arizona State,2009,77,220,8/26/1989,77,218
4,SAC,tyreke-evans,tyreke-evans,Memphis,2009,78,220,9/19/1989,78,219
5,MIN,ricky-rubio,ricky-rubio,,2009,75,190,10/21/1990,,
6,MIN,jonny-flynn,jonny-flynn,Syracuse,2009,72,185,2/6/1989,72,185
7,GSW,stephen-curry,stephen-curry,Davidson,2009,75,185,3/14/1988,75,185
8,NYK,jordan-hill,jordan-hill,Arizona,2009,82,235,7/27/1987,82,235
9,TOR,demar-derozan,demar-derozan,USC,2009,78,220,8/7/1989,79,220
10,MIL,brandon-jennings,brandon-jennings,,2009,73,170,9/23/1989,,
11,NJN,terrence-williams,terrence-williams,Louisville,2009,78,220,6/28/1987,78,220
12,CHA,gerald-henderson,gerald-henderson,Duke,2009,77,215,12/9/1987,77,215
13,IND,tyler-hansbrough,tyler-hansbrough,UNC,2009,81,250,11/3/1985,81,250
14,PHO,earl-clark,earl-clark,Louisville,2009,82,225,1/17/1988,81,225
15,DET,austin-daye,austin-daye,Gonzaga,2009,83,220,6/5/1988,83,200
16,CHI,james-johnson,james-johnson,Wake Forest,2009,79,240,2/20/1987,80,245
17,PHI,jrue-holiday,jrue-holiday,UCLA,2009,75,205,6/12/1990,75,180
18,MIN,ty-lawson,ty-lawson,UNC,2009,71,195,11/3/1987,71,195
19,ATL,jeff-teague,jeff-teague,Wake Forest,2009,75,195,6/10/1988,74,180
20,UTA,eric-maynor,eric-maynor,VCU,2009,75,175,6/11/1987,74,175
21,NOH,darren-collison,darren-collison,UCLA,2009,72,175,8/23/1987,73,160
22,POR,victor-claver,victor-claver,,2009,81,224,8/30/1988,,
23,SAC,omri-casspi,omri-casspi,,2009,81,225,6/22/1988,,
24,DAL,byron-mullens,byron-mullens,Ohio State,2009,84,275,2/14/1989,84,275
25,OKC,rodrigue-beaubois,rodrigue-beaubois,,2009,72,170,2/24/1988,,
26,CHI,taj-gibson,taj-gibson,USC,2009,81,232,6/24/1985,81,225
27,MEM,demarre-carroll,demarre-carroll,Missouri,2009,78,215,7/27/1986,80,225
28,MIN,wayne-ellington,wayne-ellington,UNC,2009,76,207,11/29/1987,76,200
29,LAL,toney-douglas,toney-douglas,Florida State,2009,74,195,3/16/1986,73,205
30,CLE,christian-eyenga,christian-eyenga,,2009,77,210,6/22/1989,,
31,SAC,jeff-ayres,jeff-ayres,Arizona State,2009,81,240,4/29/1987,82,240
32,WAS,jermaine-taylor,jermaine-taylor,Central Florida,2009,76,210,12/8/1986,76,205
33,POR,dante-cunningham,dante-cunningham,Villanova,2009,80,230,4/22/1987,81,230
34,DEN,sergio-llull,sergio-llull,,2009,75,190,11/15/1987,,
35,DET,dajuan-summers,dajuan-summers,Georgetown,2009,80,230,1/24/1988,80,236
36,MEM,sam-young,sam-young,Pitt,2009,78,220,6/1/1985,78,220
37,SAS,dejuan-blair,dejuan-blair,Pitt,2009,79,270,4/22/1989,79,265
38,POR,jon-brockman,jon-brockman,Washington,2009,79,255,3/20/1987,79,255
39,DET,jonas-jerebko,jonas-jerebko,,2009,82,231,3/2/1987,,
40,CHA,derrick-brown,derrick-brown,Xavier,2009,79,225,9/8/1987,80,227
41,MIL,jodie-meeks,jodie-meeks,Kentucky,2009,76,210,8/21/1987,77,208
42,LAL,patrick-beverley,patrick-beverley,Arkansas,2009,73,180,7/12/1988,73,180
43,MIA,marcus-thornton,marcus-thornton,LSU,2009,76,205,6/5/1987,76,205
44,DET,chase-budinger,chase-budinger,Arizona,2009,79,209,5/22/1988,79,218
45,MIN,nick-calathes,nick-calathes,Florida,2009,78,213,2/7/1989,78,194
46,CLE,danny-green,danny-green,UNC,2009,78,215,6/22/1987,77,210
47,MIN,henk-norel,henk-norel,,2009,83,230,9/17/1987,,
48,PHO,taylor-griffin,taylor-griffin,Oklahoma,2009,79,238,4/18/1986,79,238
49,ATL,sergiy-gladyr,sergiy-gladyr,,2009,77,190,10/17/1989,,
50,UTA,goran-suton,goran-suton,Michigan State,2009,,,,,
51,SAS,jack-mcclinton,jack-mcclinton,Miami (FL),2009,,,,,
52,IND,a.j.-price,a.j.-price,UConn,2009,74,181,10/7/1986,74,181
53,SAS,nando-de-colo,nando-de-colo,,2009,77,200,6/23/1987,,
54,CHA,robert-vaden,robert-vaden,UAB,2009,,,,,
55,POR,patty-mills,patty-mills,Saint Mary's,2009,73,180,8/11/1988,72,180
56,DAL,ahmad-nivins,ahmad-nivins,Saint Joseph's,2009,,,,,
57,PHO,emir-preldžić,emir-preldzic,,2009,81,220,9/6/1987,,
58,BOS,lester-hudson,lester-hudson,University of Tennessee at Martin,2009,75,190,8/7/1984,75,190
59,LAL,chinemelu-elonu,chinemelu-elonu,Texas A&M,2009,82,235,3/11/1987,82,235
60,MIA,robert-dozier,robert-dozier,Memphis,2009,,,,,
1,WAS,john-wall,john-wall,Kentucky,2010,75,210,9/6/1990,76,195
2,PHI,evan-turner,evan-turner,Ohio State,2010,78,220,10/27/1988,79,210
3,NJN,derrick-favors,derrick-favors,Georgia Tech,2010,80,265,7/15/1991,82,246
4,MIN,wesley-johnson,wesley-johnson,Syracuse,2010,79,215,7/11/1987,79,205
5,SAC,demarcus-cousins,demarcus-cousins,Kentucky,2010,82,270,8/13/1990,83,270
6,GSW,ekpe-udoh,ekpe-udoh,Baylor,2010,82,245,5/20/1987,82,240
7,DET,greg-monroe,greg-monroe,Georgetown,2010,83,265,6/4/1990,83,247
8,LAC,al-farouq-aminu,al-farouq-aminu,Wake Forest,2010,80,220,9/21/1990,81,215
9,UTA,gordon-hayward,gordon-hayward,Butler,2010,79,225,3/23/1990,80,207
10,IND,paul-george,paul-george,Fresno State,2010,80,220,5/2/1990,79,210
11,NOH,cole-aldrich,cole-aldrich,Kansas,2010,83,250,10/31/1988,83,245
12,MEM,xavier-henry,xavier-henry,Kansas,2010,78,220,3/15/1991,78,220
13,TOR,ed-davis,ed-davis,UNC,2010,81,218,6/5/1989,82,225
14,HOU,patrick-patterson,patrick-patterson,Kentucky,2010,80,235,3/14/1989,81,235
15,MIL,larry-sanders,larry-sanders,VCU,2010,83,235,11/21/1988,82,235
16,MIN,luke-babbitt,luke-babbitt,Nevada,2010,81,225,6/20/1989,81,225
17,CHI,kevin-séraphin,kevin-seraphin,,2010,81,285,12/7/1989,,
18,OKC,eric-bledsoe,eric-bledsoe,Kentucky,2010,73,214,12/9/1989,73,190
19,BOS,avery-bradley,avery-bradley,Texas,2010,75,180,11/26/1990,74,180
20,SAS,james-anderson,james-anderson,Oklahoma State,2010,78,213,3/25/1989,78,210
21,OKC,craig-brackins,craig-brackins,Iowa State,2010,82,230,10/9/1987,82,230
22,POR,elliot-williams,elliot-williams,Memphis,2010,77,190,6/20/1989,76,180
23,MIN,trevor-booker,trevor-booker,Clemson,2010,80,228,11/25/1987,79,240
24,ATL,damion-james,damion-james,Texas,2010,79,225,10/7/1987,79,225
25,MEM,dominique-jones,dominique-jones,South Florida,2010,76,215,10/15/1988,76,205
26,OKC,quincy-pondexter,quincy-pondexter,Washington,2010,79,230,3/10/1988,79,215
27,NJN,jordan-crawford,jordan-crawford,Xavier,2010,76,195,10/23/1988,76,195
28,MEM,greivis-vásquez,greivis-vasquez,Maryland,2010,78,217,1/16/1987,78,200
29,ORL,daniel-orton,daniel-orton,Kentucky,2010,82,255,8/6/1990,83,255
30,WAS,lazar-hayward,lazar-hayward,Marquette,2010,78,225,11/26/1986,78,225
31,NJN,tibor-pleiß,tibor-plei,,2010,87,256,11/2/1989,,
32,MIA,dexter-pittman,dexter-pittman,Texas,2010,83,308,3/2/1988,82,290
33,SAC,hassan-whiteside,hassan-whiteside,Marshall,2010,84,265,6/13/1989,84,235
34,POR,armon-johnson,armon-johnson,Nevada,2010,75,195,2/23/1989,75,195
35,WAS,nemanja-bjelica,nemanja-bjelica,,2010,82,234,5/9/1988,,
36,DET,terrico-white,terrico-white,Ole Miss,2010,,,,,
37,MIL,darington-hobson,darington-hobson,New Mexico,2010,79,210,9/29/1987,79,205
38,NYK,andy-rautins,andy-rautins,Syracuse,2010,76,190,11/2/1986,77,195
39,NYK,landry-fields,landry-fields,Stanford,2010,79,210,6/27/1988,79,215
40,IND,lance-stephenson,lance-stephenson,Cincinnati,2010,78,230,9/5/1990,77,210
41,MIA,jarvis-varnado,jarvis-varnado,Mississippi State,2010,81,230,3/1/1988,81,230
42,MIA,da'sean-butler,da'sean-butler,West Virginia,2010,,,,,
43,LAL,devin-ebanks,devin-ebanks,West Virginia,2010,81,215,10/28/1989,81,215
44,MIL,jerome-jordan,jerome-jordan,Tulsa,2010,84,253,9/29/1986,84,251
45,MIN,paulão-prestes,paulao-prestes,,2010,83,260,2/15/1988,,
46,PHO,gani-lawal,gani-lawal,Georgia Tech,2010,81,234,11/7/1988,81,234
47,MIL,tiny-gallon,tiny-gallon,Oklahoma,2010,,,,,
48,MIA,latavious-williams,latavious-williams,,2010,80,195,3/29/1989,,
49,SAS,ryan-richards,ryan-richards,,2010,83,265,4/24/1991,,
50,DAL,solomon-alabi,solomon-alabi,Florida State,2010,85,251,3/21/1988,85,251
51,OKC,magnum-rolle,magnum-rolle,Louisiana Tech,2010,,,,,
52,BOS,luke-harangody,luke-harangody,Notre Dame,2010,80,246,1/2/1988,80,246
53,ATL,pape-sy,pape-sy,,2010,79,225,4/5/1988,,
54,LAC,willie-warren,willie-warren,Oklahoma,2010,76,203,10/22/1989,76,199
55,UTA,jeremy-evans,jeremy-evans,Western Kentucky,2010,81,200,10/24/1987,81,196
56,MIN,hamady-n'diaye,hamady-n'diaye,Rutgers University,2010,84,235,1/12/1987,84,235
57,IND,ryan-reid,ryan-reid,Florida State,2010,80,232,10/30/1986,80,235
58,LAL,derrick-caracter,derrick-caracter,Texas-El Paso,2010,81,275,5/4/1988,81,275
59,ORL,stanley-robinson,stanley-robinson,UConn,2010,,,,,
60,PHO,dwayne-collins,dwayne-collins,Miami (FL),2010,81,240,4/13/1988,80,241
1,CLE,kyrie-irving,kyrie-irving,Duke,2011,74,195,3/23/1992,74,180
2,MIN,derrick-williams,derrick-williams,Arizona,2011,80,240,5/25/1991,80,235
3,UTA,enes-kanter,enes-kanter,,2011,82,250,5/20/1992,,
4,CLE,tristan-thompson,tristan-thompson,Texas,2011,81,254,3/13/1991,80,225
5,TOR,jonas-valančiūnas,jonas-valanciunas,,2011,83,265,5/6/1992,,
6,WAS,jan-veselý,jan-vesely,,2011,83,240,4/24/1990,,
7,SAC,bismack-biyombo,bismack-biyombo,,2011,80,255,8/28/1992,,
8,DET,brandon-knight,brandon-knight,Kentucky,2011,74,182,12/2/1991,75,185
9,CHA,kemba-walker,kemba-walker,UConn,2011,72,184,5/8/1990,73,172
10,MIL,jimmer-fredette,jimmer-fredette,BYU,2011,74,195,2/25/1989,74,195
11,GSW,klay-thompson,klay-thompson,Washington State,2011,78,215,2/8/1990,78,200
12,UTA,alec-burks,alec-burks,Colorado,2011,78,214,7/20/1991,78,195
13,PHO,markieff-morris,markieff-morris,Kansas,2011,81,245,9/2/1989,82,245
14,HOU,marcus-morris,marcus-morris,Kansas,2011,80,218,9/2/1989,81,235
15,IND,kawhi-leonard,kawhi-leonard,San Diego State,2011,79,225,6/29/1991,79,225
16,PHI,nikola-vučević,nikola-vucevic,USC,2011,83,260,10/24/1990,82,220
17,NYK,iman-shumpert,iman-shumpert,Georgia Tech,2011,77,215,6/26/1990,77,212
18,WAS,chris-singleton,chris-singleton,Florida State,2011,80,230,11/21/1989,81,220
19,CHA,tobias-harris,tobias-harris,Tennessee,2011,80,226,7/15/1992,80,226
20,MIN,donatas-motiejūnas,donatas-motiejunas,,2011,84,222,9/20/1990,,
21,POR,nolan-smith,nolan-smith,Duke,2011,74,185,7/25/1988,74,185
22,DEN,kenneth-faried,kenneth-faried,Morehead State University,2011,80,220,11/19/1989,80,228
23,HOU,nikola-mirotić,nikola-mirotic,,2011,82,250,2/11/1991,,
24,OKC,reggie-jackson,reggie-jackson,Boston College,2011,74,208,4/16/1990,75,208
25,BOS,marshon-brooks,marshon-brooks,Providence,2011,77,200,1/26/1989,77,200
26,DAL,jordan-hamilton,jordan-hamilton,Texas,2011,79,220,10/6/1990,79,220
27,NJN,jajuan-johnson,jajuan-johnson,Purdue,2011,82,221,2/8/1989,82,221
28,CHI,norris-cole,norris-cole,Cleveland State University,2011,74,175,10/13/1988,74,170
29,SAS,cory-joseph,cory-joseph,Texas,2011,75,200,8/20/1991,75,185
30,CHI,jimmy-butler,jimmy-butler,Marquette,2011,79,230,9/14/1989,79,220
31,MIA,bojan-bogdanović,bojan-bogdanovic,,2011,80,226,4/18/1989,,
32,CLE,justin-harper,justin-harper,Richmond,2011,82,225,8/30/1989,82,225
33,DET,kyle-singler,kyle-singler,Duke,2011,80,228,5/4/1988,80,230
34,WAS,shelvin-mack,shelvin-mack,Butler,2011,75,203,4/22/1990,75,215
35,SAC,tyler-honeycutt,tyler-honeycutt,UCLA,2011,80,188,7/15/1990,81,180
36,NJN,jordan-williams,jordan-williams,Maryland,2011,82,260,10/11/1990,82,260
37,LAC,trey-thompkins,trey-thompkins,Georgia,2011,82,245,5/20/1990,82,245
38,HOU,chandler-parsons,chandler-parsons,Florida,2011,81,230,10/25/1988,81,215
39,CHA,jeremy-tyler,jeremy-tyler,,2011,82,260,6/21/1991,,
40,MIL,jon-leuer,jon-leuer,Wisconsin,2011,82,228,5/14/1989,82,228
41,LAL,darius-morris,darius-morris,Michigan,2011,76,190,1/3/1991,76,190
42,IND,dāvis-bertāns,davis-bertans,,2011,82,225,11/12/1992,,
43,CHI,malcolm-lee,malcolm-lee,UCLA,2011,77,200,5/22/1990,77,180
44,GSW,charles-jenkins,charles-jenkins,Hofstra,2011,75,220,2/28/1989,75,220
45,NOH,josh-harrellson,josh-harrellson,Kentucky,2011,82,275,2/12/1989,82,275
46,LAL,andrew-goudelock,andrew-goudelock,College of Charleston,2011,75,200,12/7/1988,74,200
47,LAC,travis-leslie,travis-leslie,Georgia,2011,76,205,3/29/1990,76,205
48,ATL,keith-benson,keith-benson,Oakland,2011,83,240,8/13/1988,83,230
49,MEM,josh-selby,josh-selby,Kansas,2011,74,183,3/27/1991,74,183
50,PHI,lavoy-allen,lavoy-allen,Temple,2011,81,260,2/4/1989,81,225
51,POR,jon-diebler,jon-diebler,Ohio State,2011,78,205,6/22/1988,78,205
52,DET,vernon-macklin,vernon-macklin,Florida,2011,82,227,9/20/1986,81,245
53,ORL,deandre-liggins,deandre-liggins,Kentucky,2011,78,209,3/31/1988,78,210
54,CLE,milan-mačvan,milan-macvan,,2011,81,265,11/16/1989,,
55,BOS,e'twaun-moore,e'twaun-moore,Purdue,2011,75,191,2/25/1989,76,191
56,LAL,chukwudiebere-maduabum,chukwudiebere-maduabum,,2011,81,210,3/19/1991,,
57,DAL,targuy-ngombo,targuy-ngombo,,2011,,,,,
58,LAL,ater-majok,ater-majok,,2011,82,233,7/4/1987,82,233
59,SAS,ádám-hanga,adam-hanga,,2011,79,205,4/12/1989,,
60,SAC,isaiah-thomas,isaiah-thomas,Washington,2011,69,185,2/7/1989,68,185
1,NOH,anthony-davis,anthony-davis,Kentucky,2012,82,253,3/11/1993,82,220
2,CHA,michael-kidd-gilchrist,michael-kidd-gilchrist,Kentucky,2012,78,232,9/26/1993,79,232
3,WAS,bradley-beal,bradley-beal,Florida,2012,75,207,6/28/1993,75,207
4,CLE,dion-waiters,dion-waiters,Syracuse,2012,75,215,12/10/1991,76,215
5,SAC,thomas-robinson,thomas-robinson,Kansas,2012,82,237,3/17/1991,81,237
6,POR,damian-lillard,damian-lillard,Weber State,2012,74,195,7/15/1990,74,185
7,GSW,harrison-barnes,harrison-barnes,UNC,2012,80,225,5/30/1992,80,215
8,TOR,terrence-ross,terrence-ross,Washington,2012,78,206,2/5/1991,78,195
9,DET,andre-drummond,andre-drummond,UConn,2012,82,279,8/10/1993,82,270
10,NOH,austin-rivers,austin-rivers,Duke,2012,76,200,8/1/1992,76,200
11,POR,meyers-leonard,meyers-leonard,Illinois,2012,84,260,2/27/1992,85,245
12,HOU,jeremy-lamb,jeremy-lamb,UConn,2012,77,180,5/30/1992,77,180
13,PHO,kendall-marshall,kendall-marshall,UNC,2012,76,200,8/19/1991,76,195
14,MIL,john-henson,john-henson,UNC,2012,81,219,12/28/1990,83,220
15,PHI,maurice-harkless,maurice-harkless,St. John's,2012,79,220,5/11/1993,80,208
16,HOU,royce-white,royce-white,Iowa State,2012,80,270,4/10/1991,80,270
17,DAL,tyler-zeller,tyler-zeller,UNC,2012,84,253,1/17/1990,84,250
18,HOU,terrence-jones,terrence-jones,Kentucky,2012,81,252,1/9/1992,81,252
19,ORL,andrew-nicholson,andrew-nicholson,St. Bonaventure,2012,81,250,12/8/1989,81,240
20,DEN,evan-fournier,evan-fournier,,2012,79,205,10/29/1992,,
21,BOS,jared-sullinger,jared-sullinger,Ohio State,2012,81,260,3/4/1992,81,265
22,BOS,fab-melo,fab-melo,Syracuse,2012,84,255,6/20/1990,84,244
23,ATL,john-jenkins,john-jenkins,Vanderbilt,2012,76,215,3/6/1991,76,215
24,CLE,jared-cunningham,jared-cunningham,Oregon State,2012,76,195,5/22/1991,76,194
25,MEM,tony-wroten,tony-wroten,Washington,2012,78,205,4/13/1993,77,205
26,IND,miles-plumlee,miles-plumlee,Duke,2012,83,249,9/1/1988,82,245
27,MIA,arnett-moultrie,arnett-moultrie,Mississippi State,2012,83,249,11/18/1990,83,249
28,OKC,perry-jones,perry-jones,Baylor,2012,83,235,9/24/1991,83,235
29,CHI,marquis-teague,marquis-teague,Kentucky,2012,74,189,2/28/1993,74,189
30,GSW,festus-ezeli,festus-ezeli,Vanderbilt,2012,83,255,10/21/1989,83,255
31,CHA,jeff-taylor,jeff-taylor,Vanderbilt,2012,79,225,5/23/1989,79,225
32,WAS,tomáš-satoranský,tomas-satoransky,,2012,79,210,10/30/1991,,
33,CLE,bernard-james,bernard-james,Florida State,2012,82,240,2/7/1985,82,240
34,CLE,jae-crowder,jae-crowder,Marquette,2012,78,235,7/6/1990,78,235
35,GSW,draymond-green,draymond-green,Michigan State,2012,78,230,3/4/1990,79,230
36,SAC,orlando-johnson,orlando-johnson,UC Santa Barbara,2012,77,220,3/11/1989,77,205
37,TOR,quincy-acy,quincy-acy,Baylor,2012,79,240,10/6/1990,79,235
38,DEN,quincy-miller,quincy-miller,Baylor,2012,81,210,11/18/1992,81,210
39,DET,khris-middleton,khris-middleton,Texas A&M,2012,79,222,8/12/1991,79,217
40,POR,will-barton,will-barton,Memphis,2012,78,181,1/6/1991,78,175
41,POR,tyshawn-taylor,tyshawn-taylor,Kansas,2012,75,185,4/12/1990,75,185
42,MIL,doron-lamb,doron-lamb,Kentucky,2012,76,210,11/6/1991,76,210
43,ATL,mike-scott,mike-scott,Virginia,2012,79,237,7/16/1988,80,237
44,DET,kim-english,kim-english,Missouri,2012,78,200,9/24/1988,78,200
45,PHI,justin-hamilton,justin-hamilton,LSU,2012,84,260,4/1/1990,84,260
46,NOH,darius-miller,darius-miller,Kentucky,2012,78,225,3/21/1990,80,225
47,UTA,kevin-murphy,kevin-murphy,Tennessee Technological University,2012,77,185,3/6/1990,79,185
48,NYK,kostas-papanikolaou,kostas-papanikolaou,,2012,80,225,7/31/1990,,
49,ORL,kyle-o'quinn,kyle-o'quinn,Norfolk State,2012,81,250,3/26/1990,82,240
50,DEN,i̇zzet-türkyılmaz,izzet-turkylmaz,,2012,84,210,5/20/1990,,
51,BOS,kris-joseph,kris-joseph,Syracuse,2012,79,210,12/17/1988,79,210
52,GSW,ognjen-kuzmić,ognjen-kuzmic,,2012,85,251,5/16/1990,,
53,LAC,furkan-aldemir,furkan-aldemir,,2012,82,240,8/9/1991,,
54,PHI,tornike-shengelia,tornike-shengelia,,2012,81,217,10/5/1991,,
55,DAL,darius-johnson-odom,darius-johnson-odom,Marquette,2012,74,215,9/28/1989,74,215
56,TOR,tomislav-zubčić,tomislav-zubcic,,2012,83,212,1/7/1990,,
57,NJN,i̇lkan-karaman,ilkan-karaman,,2012,81,254,5/13/1990,,
58,MIN,robbie-hummel,robbie-hummel,Purdue,2012,80,215,3/8/1989,80,215
59,SAS,marcus-denmon,marcus-denmon,Missouri,2012,75,185,3/20/1990,75,185
60,LAL,robert-sacre,robert-sacre,Gonzaga,2012,84,270,6/6/1989,84,260
1,CLE,anthony-bennett,anthony-bennett,UNLV,2013,80,245,3/14/1993,80,240
2,ORL,victor-oladipo,victor-oladipo,Indiana,2013,76,213,5/4/1992,77,214
3,WAS,otto-porter,otto-porter,Georgetown,2013,80,198,6/3/1993,80,205
4,CHA,cody-zeller,cody-zeller,Indiana,2013,83,240,10/5/1992,84,240
5,PHO,alex-len,alex-len,Maryland,2013,84,250,6/16/1993,85,225
6,NOH,nerlens-noel,nerlens-noel,Kentucky,2013,83,220,4/10/1994,82,228
7,SAC,ben-mclemore,ben-mclemore,Kansas,2013,75,195,2/11/1993,77,195
8,DET,kentavious-caldwell-pope,kentavious-caldwell-pope,Georgia,2013,77,204,2/18/1993,77,205
9,MIN,trey-burke,trey-burke,Michigan,2013,72,185,11/12/1992,72,190
10,POR,cj-mccollum,cj-mccollum,Lehigh,2013,75,190,9/19/1991,75,180
11,PHI,michael-carter-williams,michael-carter-williams,Syracuse,2013,77,190,10/10/1991,78,185
12,OKC,steven-adams,steven-adams,Pitt,2013,83,265,7/20/1993,84,250
13,DAL,kelly-olynyk,kelly-olynyk,Gonzaga,2013,83,240,4/19/1991,84,238
14,UTA,shabazz-muhammad,shabazz-muhammad,UCLA,2013,78,223,11/13/1992,78,225
15,MIL,giannis-antetokounmpo,giannis-antetokounmpo,,2013,83,242,12/6/1994,,
16,BOS,lucas-nogueira,lucas-nogueira,,2013,84,241,7/26/1992,,
17,ATL,dennis-schröder,dennis-schroder,,2013,75,172,9/15/1993,,
18,ATL,shane-larkin,shane-larkin,Miami (FL),2013,71,175,10/2/1992,71,176
19,CLE,sergey-karasev,sergey-karasev,,2013,79,208,10/26/1993,,
20,CHI,tony-snell,tony-snell,New Mexico,2013,78,213,11/10/1991,79,200
21,UTA,gorgui-dieng,gorgui-dieng,Louisville,2013,82,252,1/18/1990,83,245
22,BRK,mason-plumlee,mason-plumlee,Duke,2013,83,254,3/5/1990,82,235
23,IND,solomon-hill,solomon-hill,Arizona,2013,78,226,3/18/1991,79,220
24,NYK,tim-hardaway-jr.,tim-hardaway-jr.,Michigan,2013,77,205,3/16/1992,78,205
25,LAC,reggie-bullock,reggie-bullock,UNC,2013,78,205,3/16/1991,79,205
26,MIN,andre-roberson,andre-roberson,Colorado,2013,79,210,12/4/1991,79,210
27,DEN,rudy-gobert,rudy-gobert,,2013,84,258,6/26/1992,,
28,SAS,livio-jean-charles,livio-jean-charles,,2013,81,230,11/8/1993,,
29,OKC,archie-goodwin,archie-goodwin,Kentucky,2013,77,200,8/17/1994,77,198
30,PHO,nemanja-nedović,nemanja-nedovic,,2013,75,192,6/16/1991,,
31,CLE,allen-crabbe,allen-crabbe,California,2013,77,212,4/9/1992,78,210
32,OKC,álex-abrines,alex-abrines,,2013,78,200,8/1/1993,,
33,CLE,carrick-felix,carrick-felix,Arizona State,2013,78,201,8/17/1990,78,197
34,HOU,isaiah-canaan,isaiah-canaan,Murray State,2013,72,201,5/21/1991,73,195
35,PHI,glen-rice-jr.,glen-rice-jr.,Georgia Tech,2013,78,206,1/1/1991,77,206
36,SAC,ray-mccallum,ray-mccallum,Detroit Mercy,2013,75,190,6/12/1991,75,190
37,DET,tony-mitchell,tony-mitchell,University of North Texas,2013,80,235,4/7/1992,80,235
38,WAS,nate-wolters,nate-wolters,South Dakota State,2013,76,190,5/15/1991,76,193
39,POR,jeff-withey,jeff-withey,Kansas,2013,84,231,3/7/1990,84,235
40,POR,grant-jerrett,grant-jerrett,Arizona,2013,82,235,7/8/1993,82,235
41,MEM,jamaal-franklin,jamaal-franklin,San Diego State,2013,77,191,7/21/1991,77,205
42,PHI,pierre-jackson,pierre-jackson,Baylor,2013,70,180,8/29/1991,70,180
43,MIL,ricky-ledo,ricky-ledo,Providence,2013,79,195,9/10/1992,,
44,DAL,mike-muscala,mike-muscala,Bucknell,2013,82,240,7/1/1991,83,234
45,POR,marko-todorović,marko-todorovic,,2013,82,243,4/19/1992,,
46,UTA,erick-green,erick-green,Virginia Tech,2013,76,185,5/9/1991,75,185
47,ATL,raul-neto,raul-neto,,2013,73,180,5/19/1992,,
48,LAL,ryan-kelly,ryan-kelly,Duke,2013,83,230,4/9/1991,83,230
49,CHI,erik-murphy,erik-murphy,Florida,2013,82,230,10/26/1990,82,238
50,ATL,james-ennis,james-ennis,Cal State Long Beach,2013,78,215,7/1/1990,79,210
51,ORL,romero-osby,romero-osby,Oklahoma,2013,80,240,5/7/1990,80,232
52,MIN,lorenzo-brown,lorenzo-brown,NC State,2013,77,189,8/26/1990,77,186
53,IND,colton-iverson,colton-iverson,Colorado State,2013,84,255,6/29/1989,82,261
54,WAS,arsalan-kazemi,arsalan-kazemi,Oregon,2013,79,226,4/22/1990,79,226
55,MEM,joffrey-lauvergne,joffrey-lauvergne,,2013,83,220,9/30/1991,,
56,DET,peyton-siva,peyton-siva,Louisville,2013,72,185,10/24/1990,72,185
57,PHO,alex-oriakhi,alex-oriakhi,Missouri,2013,81,255,6/21/1990,81,225
58,SAS,deshaun-thomas,deshaun-thomas,Ohio State,2013,79,215,8/29/1991,79,215
59,MIN,bojan-dubljević,bojan-dubljevic,,2013,81,235,10/24/1991,,
60,MEM,jānis-timma,janis-timma,,2013,79,224,7/2/1992,,
1,CLE,andrew-wiggins,andrew-wiggins,Kansas,2014,79,197,2/23/1995,80,200
2,MIL,jabari-parker,jabari-parker,Duke,2014,80,245,3/15/1995,80,235
3,PHI,joel-embiid,joel-embiid,Kansas,2014,84,280,3/16/1994,84,250
4,ORL,aaron-gordon,aaron-gordon,Arizona,2014,80,235,9/16/1995,81,225
5,UTA,dante-exum,dante-exum,,2014,77,214,7/13/1995,,
6,BOS,marcus-smart,marcus-smart,Oklahoma State,2014,75,220,3/6/1994,76,220
7,LAL,julius-randle,julius-randle,Kentucky,2014,80,250,11/29/1994,81,250
8,SAC,nik-stauskas,nik-stauskas,Michigan,2014,78,205,10/7/1993,78,205
9,CHH,noah-vonleh,noah-vonleh,Indiana,2014,82,257,8/24/1995,82,240
10,PHI,elfrid-payton,elfrid-payton,Louisiana,2014,75,195,2/22/1994,75,180
11,DEN,doug-mcdermott,doug-mcdermott,Creighton,2014,79,225,1/3/1992,80,225
12,ORL,dario-šarić,dario-saric,,2014,82,225,4/8/1994,,
13,MIN,zach-lavine,zach-lavine,UCLA,2014,77,200,3/10/1995,77,180
14,PHO,t.j.-warren,t.j.-warren,NC State,2014,80,220,9/5/1993,80,233
15,ATL,adreian-payne,adreian-payne,Michigan State,2014,82,237,2/19/1991,82,245
16,CHI,jusuf-nurkić,jusuf-nurkic,,2014,83,290,8/23/1994,,
17,BOS,james-young,james-young,Kentucky,2014,78,215,8/16/1995,78,215
18,PHO,tyler-ennis,tyler-ennis,Syracuse,2014,75,194,8/24/1994,74,180
19,CHI,gary-harris,gary-harris,Michigan State,2014,76,210,9/14/1994,76,210
20,TOR,bruno-caboclo,bruno-caboclo,,2014,81,218,9/21/1995,,
21,OKC,mitch-mcgary,mitch-mcgary,Michigan,2014,82,255,6/6/1992,82,255
22,MEM,jordan-adams,jordan-adams,UCLA,2014,77,209,7/8/1994,77,220
23,UTA,rodney-hood,rodney-hood,Duke,2014,80,208,10/20/1992,80,215
24,CHH,shabazz-napier,shabazz-napier,UConn,2014,72,175,7/14/1991,73,180
25,HOU,clint-capela,clint-capela,,2014,82,240,5/18/1994,,
26,MIA,p.j.-hairston,p.j.-hairston,UNC,2014,78,230,12/24/1992,78,220
27,PHO,bogdan-bogdanović,bogdan-bogdanovic,,2014,78,220,8/18/1992,,
28,LAC,c.j.-wilcox,c.j.-wilcox,Washington,2014,77,195,12/30/1990,77,195
29,OKC,josh-huestis,josh-huestis,Stanford,2014,79,230,12/19/1991,79,230
30,SAS,kyle-anderson,kyle-anderson,UCLA,2014,81,230,9/20/1993,81,230
31,MIL,damien-inglis,damien-inglis,,2014,80,246,5/20/1995,,
32,PHI,k.j.-mcdaniels,k.j.-mcdaniels,Clemson,2014,78,205,2/9/1993,78,200
33,CLE,joe-harris,joe-harris,Virginia,2014,78,220,9/6/1991,78,225
34,NYK,cleanthony-early,cleanthony-early,Wichita State,2014,80,210,4/17/1991,80,219
35,UTA,jarnell-stokes,jarnell-stokes,Tennessee,2014,81,263,1/7/1994,80,260
36,MIL,johnny-o'bryant,johnny-o'bryant,LSU,2014,81,257,6/1/1993,81,256
37,TOR,deandre-daniels,deandre-daniels,UConn,2014,81,195,4/15/1992,81,195
38,DET,spencer-dinwiddie,spencer-dinwiddie,Colorado,2014,77,215,4/6/1993,78,200
39,PHI,jerami-grant,jerami-grant,Syracuse,2014,80,210,3/12/1994,80,210
40,MIN,glenn-robinson-iii,glenn-robinson-iii,Michigan,2014,78,222,1/8/1994,78,220
41,DEN,nikola-jokić,nikola-jokic,,2014,83,284,2/19/1995,,
42,HOU,nick-johnson,nick-johnson,Arizona,2014,75,202,12/22/1992,75,200
43,ATL,edy-tavares,edy-tavares,,2014,87,260,3/22/1992,,
44,MIN,markel-brown,markel-brown,Oklahoma State,2014,75,190,1/29/1992,75,190
45,CHH,dwight-powell,dwight-powell,Stanford,2014,82,240,7/20/1991,82,240
46,WAS,jordan-clarkson,jordan-clarkson,Missouri,2014,76,194,6/7/1992,77,193
47,PHI,russ-smith,russ-smith,Louisville,2014,72,165,4/19/1991,72,165
48,MIL,lamar-patterson,lamar-patterson,Pitt,2014,77,225,8/12/1991,77,225
49,CHI,cameron-bairstow,cameron-bairstow,New Mexico,2014,81,250,12/7/1990,81,250
50,PHO,alec-brown,alec-brown,Green Bay,2014,85,235,7/23/1992,85,235
51,NYK,thanasis-antetokounmpo,thanasis-antetokounmpo,,2014,78,219,7/18/1992,,
52,PHI,vasilije-micić,vasilije-micic,,2014,77,200,1/13/1994,,
53,MIN,alessandro-gentile,alessandro-gentile,,2014,79,230,11/12/1992,,
54,PHI,nemanja-dangubić,nemanja-dangubic,,2014,80,193,4/13/1993,,
55,MIA,semaj-christon,semaj-christon,Xavier,2014,75,190,11/1/1992,75,190
56,DEN,devyn-marble,devyn-marble,Iowa,2014,78,200,9/21/1992,78,200
57,IND,louis-labeyrie,louis-labeyrie,,2014,82,200,2/11/1992,,
58,SAS,jordan-mcrae,jordan-mcrae,Tennessee,2014,77,179,3/28/1991,77,200
59,TOR,xavier-thames,xavier-thames,San Diego State,2014,75,195,1/19/1991,75,195
60,SAS,cory-jefferson,cory-jefferson,Baylor,2014,81,218,12/26/1990,81,220
1,MIN,karl-anthony-towns,karl-anthony-towns,Kentucky,2015,83,248,11/15/1995,83,250
2,LAL,d'angelo-russell,d'angelo-russell,Ohio State,2015,76,193,2/23/1996,77,180
3,PHI,jahlil-okafor,jahlil-okafor,Duke,2015,82,270,12/15/1995,83,270
4,NYK,kristaps-porziņģis,kristaps-porzingis,,2015,87,240,8/2/1995,,
5,ORL,mario-hezonja,mario-hezonja,,2015,80,220,2/25/1995,,
6,SAC,willie-cauley-stein,willie-cauley-stein,Kentucky,2015,84,240,8/18/1993,84,240
7,DEN,emmanuel-mudiay,emmanuel-mudiay,,2015,75,200,3/5/1996,,
8,DET,stanley-johnson,stanley-johnson,Arizona,2015,78,242,5/29/1996,78,225
9,CHO,frank-kaminsky,frank-kaminsky,Wisconsin,2015,84,240,4/4/1993,84,242
10,MIA,justise-winslow,justise-winslow,Duke,2015,78,222,3/26/1996,78,225
11,IND,myles-turner,myles-turner,Texas,2015,83,250,3/24/1996,83,240
12,UTA,trey-lyles,trey-lyles,Kentucky,2015,81,234,11/5/1995,82,235
13,PHO,devin-booker,devin-booker,Kentucky,2015,77,206,10/30/1996,78,206
14,OKC,cameron-payne,cameron-payne,Murray State,2015,73,183,8/8/1994,74,180
15,ATL,kelly-oubre-jr.,kelly-oubre-jr.,Kansas,2015,79,203,12/9/1995,79,200
16,BOS,terry-rozier,terry-rozier,Louisville,2015,73,190,3/17/1994,73,190
17,MIL,rashad-vaughn,rashad-vaughn,UNLV,2015,78,202,8/16/1996,78,210
18,HOU,sam-dekker,sam-dekker,Wisconsin,2015,81,230,5/6/1994,81,230
19,WAS,jerian-grant,jerian-grant,Notre Dame,2015,76,205,10/9/1992,77,203
20,TOR,delon-wright,delon-wright,Utah,2015,77,185,4/26/1992,77,178
21,DAL,justin-anderson,justin-anderson,Virginia,2015,78,230,11/19/1993,78,227
22,CHI,bobby-portis,bobby-portis,Arkansas,2015,82,250,2/10/1995,83,242
23,POR,rondae-hollis-jefferson,rondae-hollis-jefferson,Arizona,2015,78,217,1/3/1995,79,215
24,CLE,tyus-jones,tyus-jones,Duke,2015,72,196,5/10/1996,73,190
25,MEM,jarell-martin,jarell-martin,LSU,2015,82,239,5/24/1994,82,236
26,SAS,nikola-milutinov,nikola-milutinov,,2015,83,235,12/30/1994,,
27,LAL,larry-nance-jr.,larry-nance-jr.,Wyoming,2015,79,245,1/1/1993,80,235
28,BOS,r.j.-hunter,r.j.-hunter,Georgia State University,2015,77,185,10/24/1993,78,190
29,BRK,chris-mccullough,chris-mccullough,Syracuse,2015,83,200,2/5/1995,82,220
30,GSW,kevon-looney,kevon-looney,UCLA,2015,81,222,2/6/1996,81,220
31,MIN,cedi-osman,cedi-osman,,2015,79,230,4/8/1995,,
32,HOU,montrezl-harrell,montrezl-harrell,Louisville,2015,79,240,1/26/1994,80,235
33,BOS,jordan-mickey,jordan-mickey,LSU,2015,80,235,7/9/1994,80,235
34,LAL,anthony-brown,anthony-brown,Stanford,2015,79,210,10/10/1992,78,215
35,PHI,willy-hernangómez,willy-hernangomez,,2015,83,250,5/27/1994,,
36,MIN,rakeem-christmas,rakeem-christmas,Syracuse,2015,81,250,12/1/1991,81,250
37,PHI,richaun-holmes,richaun-holmes,Bowling Green,2015,82,235,10/15/1993,80,245
38,DET,darrun-hilliard,darrun-hilliard,Villanova,2015,78,205,4/13/1993,78,215
39,CHO,juan-pablo-vaulet,juan-pablo-vaulet,,2015,78,200,3/22/1996,,
40,MIA,josh-richardson,josh-richardson,Tennessee,2015,77,200,9/15/1993,78,200
41,BRK,pat-connaughton,pat-connaughton,Notre Dame,2015,77,209,1/6/1993,77,218
42,UTA,olivier-hanlan,olivier-hanlan,Boston College,2015,76,190,2/15/1993,76,190
43,IND,joe-young,joe-young,Oregon,2015,74,180,6/27/1992,74,185
44,PHO,andrew-harrison,andrew-harrison,Kentucky,2015,78,213,10/28/1994,78,210
45,BOS,marcus-thornton,marcus-thornton,William & Mary,2015,76,190,2/9/1993,76,190
46,MIL,norman-powell,norman-powell,UCLA,2015,75,215,5/25/1993,76,215
47,PHI,artūras-gudaitis,arturas-gudaitis,,2015,82,254,6/19/1993,,
48,OKC,dakari-johnson,dakari-johnson,Kentucky,2015,84,255,9/22/1995,84,255
49,WAS,aaron-white,aaron-white,Iowa,2015,81,210,9/10/1992,81,228
50,ATL,marcus-eriksson,marcus-eriksson,,2015,79,178,12/5/1993,,
51,ORL,tyler-harvey,tyler-harvey,Eastern Washington,2015,76,185,7/17/1993,76,185
52,DAL,satnam-singh,satnam-singh,,2015,86,290,12/10/1995,,
53,CLE,sir'dominic-pointer,sir'dominic-pointer,St. John's,2015,78,192,5/6/1992,78,192
54,UTA,dani-díez,dani-diez,,2015,79,212,4/7/1993,,
55,SAS,cady-lalanne,cady-lalanne,UMass,2015,82,253,4/22/1992,82,253
56,NOP,branden-dawson,branden-dawson,Michigan State,2015,78,225,2/1/1993,78,225
57,DEN,nikola-radičević,nikola-radicevic,,2015,78,200,4/25/1994,,
58,PHI,j.p.-tokoto,j.p.-tokoto,UNC,2015,78,200,9/15/1993,78,200
59,ATL,dimitrios-agravanis,dimitrios-agravanis,,2015,82,235,12/20/1994,,
60,PHI,luka-mitrović,luka-mitrovic,,2015,81,230,3/21/1993,,
1,PHI,ben-simmons,ben-simmons,LSU,2016,83,240,7/20/1996,82,225
2,LAL,brandon-ingram,brandon-ingram,Duke,2016,80,190,9/2/1997,81,190
3,BOS,jaylen-brown,jaylen-brown,California,2016,78,223,10/24/1996,79,225
4,PHO,dragan-bender,dragan-bender,,2016,84,225,11/17/1997,,
5,MIN,kris-dunn,kris-dunn,Providence,2016,75,205,3/18/1994,75,205
6,NOP,buddy-hield,buddy-hield,Oklahoma,2016,76,220,12/17/1992,76,209
7,DEN,jamal-murray,jamal-murray,Kentucky,2016,75,215,2/23/1997,77,207
8,SAC,marquese-chriss,marquese-chriss,Washington,2016,81,240,7/2/1997,81,225
9,TOR,jakob-poeltl,jakob-poeltl,Utah,2016,85,245,10/15/1995,84,230
10,MIL,thon-maker,thon-maker,,2016,84,221,2/25/1997,,
11,ORL,domantas-sabonis,domantas-sabonis,Gonzaga,2016,83,240,5/3/1996,82,231
12,UTA,taurean-prince,taurean-prince,Baylor,2016,79,218,3/22/1994,79,215
13,PHO,georgios-papagiannis,georgios-papagiannis,,2016,85,240,7/3/1997,,
14,CHI,denzel-valentine,denzel-valentine,Michigan State,2016,76,220,11/16/1993,77,220
15,DEN,juan-hernangómez,juan-hernangomez,,2016,81,214,9/28/1995,,
16,BOS,guerschon-yabusele,guerschon-yabusele,,2016,80,260,12/17/1995,,
17,MEM,wade-baldwin,wade-baldwin,Vanderbilt,2016,76,200,3/29/1996,75,195
18,DET,henry-ellenson,henry-ellenson,Marquette,2016,82,240,1/13/1997,82,245
19,DEN,malik-beasley,malik-beasley,Florida State,2016,76,187,11/26/1996,77,190
20,IND,caris-levert,caris-levert,Michigan,2016,78,205,8/25/1994,79,200
21,ATL,deandre'-bembry,deandre'-bembry,Saint Joseph's,2016,77,210,7/4/1994,78,210
22,CHO,malachi-richardson,malachi-richardson,Syracuse,2016,78,205,1/5/1996,78,195
23,BOS,ante-žižić,ante-zizic,,2016,82,266,1/4/1997,,
24,PHI,timothé-luwawu-cabarrot,timothe-luwawu-cabarrot,,2016,79,220,5/9/1995,,
25,LAC,brice-johnson,brice-johnson,UNC,2016,82,230,6/27/1994,81,228
26,PHI,furkan-korkmaz,furkan-korkmaz,,2016,79,202,7/24/1997,,
27,TOR,pascal-siakam,pascal-siakam,New Mexico State,2016,81,230,4/2/1994,81,230
28,PHO,skal-labissière,skal-labissiere,Kentucky,2016,82,235,3/18/1996,83,225
29,SAS,dejounte-murray,dejounte-murray,Washington,2016,76,180,9/19/1996,77,170
30,GSW,damian-jones,damian-jones,Vanderbilt,2016,83,245,6/30/1995,82,248
31,BOS,deyonta-davis,deyonta-davis,Michigan State,2016,83,237,12/2/1996,82,245
32,LAL,ivica-zubac,ivica-zubac,,2016,84,240,3/18/1997,,
33,LAC,cheick-diallo,cheick-diallo,Kansas,2016,80,219,9/13/1996,81,218
34,PHO,tyler-ulis,tyler-ulis,Kentucky,2016,70,160,1/5/1996,69,155
35,BOS,rade-zagorac,rade-zagorac,,2016,81,202,8/12/1995,,
36,MIL,malcolm-brogdon,malcolm-brogdon,Virginia,2016,77,229,12/11/1992,77,217
37,HOU,chinanu-onuaku,chinanu-onuaku,Louisville,2016,82,245,11/1/1996,82,230
38,MIL,patrick-mccaw,patrick-mccaw,UNLV,2016,79,181,10/25/1995,78,180
39,NOP,david-michineau,david-michineau,,2016,76,180,6/6/1994,,
40,NOP,diamond-stone,diamond-stone,Maryland,2016,83,255,2/10/1997,83,255
41,ORL,stephen-zimmerman,stephen-zimmerman,UNLV,2016,84,240,9/9/1996,84,240
42,UTA,isaiah-whitehead,isaiah-whitehead,Seton Hall,2016,76,213,3/8/1995,76,210
43,HOU,zhou-qi,zhou-qi,,2016,85,210,1/16/1996,,
44,ATL,isaïa-cordinier,isaia-cordinier,,2016,76,180,11/28/1996,,
45,BOS,demetrius-jackson,demetrius-jackson,Notre Dame,2016,73,201,9/7/1994,73,198
46,DAL,a.j.-hammons,a.j.-hammons,Purdue,2016,84,260,8/27/1992,84,261
47,ORL,jake-layman,jake-layman,Maryland,2016,80,209,3/7/1994,81,205
48,CHI,paul-zipser,paul-zipser,,2016,80,215,2/18/1994,,
49,DET,michael-gbinije,michael-gbinije,Syracuse,2016,79,200,6/5/1992,79,200
50,IND,georges-niang,georges-niang,Iowa State,2016,79,230,6/17/1993,80,230
51,BOS,ben-bentil,ben-bentil,Providence,2016,81,235,3/29/1995,80,230
52,UTA,joel-bolomboy,joel-bolomboy,Weber State,2016,81,235,1/28/1994,81,230
53,DEN,petr-cornelie,petr-cornelie,,2016,83,220,7/26/1995,,
54,ATL,kay-felder,kay-felder,Oakland,2016,69,176,3/29/1995,69,180
55,BRK,marcus-paige,marcus-paige,UNC,2016,73,175,9/11/1993,73,175
56,DEN,daniel-hamilton,daniel-hamilton,UConn,2016,79,195,8/8/1995,79,190
57,MEM,wang-zhelin,wang-zhelin,,2016,84,220,1/20/1994,,
58,BOS,abdel-nader,abdel-nader,Iowa State,2016,77,225,9/25/1993,78,230
59,SAC,isaiah-cousins,isaiah-cousins,Oklahoma,2016,77,191,3/13/1994,76,187
60,UTA,tyrone-wallace,tyrone-wallace,California,2016,77,198,6/10/1994,77,200
1,PHI,markelle-fultz,markelle-fultz,Washington,2017,75,209,5/29/1998,76,195
2,LAL,lonzo-ball,lonzo-ball,UCLA,2017,78,190,10/27/1997,78,190
3,BOS,jayson-tatum,jayson-tatum,Duke,2017,80,210,3/3/1998,80,205
4,PHO,josh-jackson,josh-jackson,Kansas,2017,80,207,2/10/1997,80,207
5,SAC,de'aaron-fox,de'aaron-fox,Kentucky,2017,75,185,12/20/1997,75,187
6,ORL,jonathan-isaac,jonathan-isaac,Florida State,2017,83,230,10/3/1997,82,210
7,MIN,lauri-markkanen,lauri-markkanen,Arizona,2017,84,240,5/22/1997,84,230
8,NYK,frank-ntilikina,frank-ntilikina,,2017,76,200,7/28/1998,,
9,DAL,dennis-smith-jr.,dennis-smith-jr.,NC State,2017,74,205,11/25/1997,75,195
10,SAC,zach-collins,zach-collins,Gonzaga,2017,83,250,11/19/1997,84,230
11,CHO,malik-monk,malik-monk,Kentucky,2017,75,200,2/4/1998,75,200
12,DET,luke-kennard,luke-kennard,Duke,2017,77,206,6/24/1996,77,180
13,DEN,donovan-mitchell,donovan-mitchell,Louisville,2017,72,215,9/7/1996,75,210
14,MIA,bam-adebayo,bam-adebayo,Kentucky,2017,81,255,7/18/1997,82,260
15,POR,justin-jackson,justin-jackson,UNC,2017,80,220,3/28/1995,80,193
16,CHI,justin-patton,justin-patton,Creighton,2017,83,241,6/14/1997,83,215
17,MIL,d.j.-wilson,d.j.-wilson,Michigan,2017,82,231,2/19/1996,81,220
18,IND,t.j.-leaf,t.j.-leaf,UCLA,2017,82,222,4/30/1997,82,225
19,ATL,john-collins,john-collins,Wake Forest,2017,81,235,9/23/1997,82,218
20,POR,harry-giles,harry-giles,Duke,2017,83,240,4/22/1998,82,240
21,OKC,terrance-ferguson,terrance-ferguson,,2017,78,190,5/17/1998,,
22,BRK,jarrett-allen,jarrett-allen,Texas,2017,83,243,4/21/1998,83,235
23,TOR,og-anunoby,og-anunoby,Indiana,2017,79,232,7/17/1997,80,215
24,UTA,tyler-lydon,tyler-lydon,Syracuse,2017,82,225,4/9/1996,80,205
25,ORL,anžejs-pasečņiks,anzejs-pasecniks,,2017,85,229,12/20/1995,,
26,POR,caleb-swanigan,caleb-swanigan,Purdue,2017,81,260,4/18/1997,81,260
27,BRK,kyle-kuzma,kyle-kuzma,Utah,2017,82,221,7/24/1995,81,190
28,LAL,tony-bradley,tony-bradley,UNC,2017,82,248,1/8/1998,82,240
29,SAS,derrick-white,derrick-white,Colorado,2017,76,190,7/2/1994,77,193
30,UTA,josh-hart,josh-hart,Villanova,2017,77,215,3/6/1995,77,205
31,CHO,frank-jackson,frank-jackson,Duke,2017,75,205,5/4/1998,75,205
32,PHO,davon-reed,davon-reed,Miami (FL),2017,77,208,6/11/1995,78,208
33,ORL,wesley-iwundu,wesley-iwundu,Kansas State,2017,78,195,12/20/1994,79,205
34,SAC,frank-mason-iii,frank-mason-iii,Kansas,2017,71,190,4/3/1994,71,185
35,ORL,ivan-rabb,ivan-rabb,California,2017,82,220,2/4/1997,83,220
36,PHI,jonah-bolden,jonah-bolden,,2017,80,220,1/2/1996,82,215
37,BOS,semi-ojeleye,semi-ojeleye,SMU,2017,78,240,12/5/1994,80,230
38,CHI,jordan-bell,jordan-bell,Oregon,2017,80,216,1/7/1995,79,190
39,PHI,jawun-evans,jawun-evans,Oklahoma State,2017,72,185,7/26/1996,72,175
40,NOP,dwayne-bacon,dwayne-bacon,Florida State,2017,78,221,8/30/1995,79,210
41,ATL,tyler-dorsey,tyler-dorsey,Oregon,2017,77,183,2/18/1996,76,180
42,UTA,thomas-bryant,thomas-bryant,Indiana,2017,82,248,7/31/1997,82,245
43,HOU,isaiah-hartenstein,isaiah-hartenstein,,2017,84,250,5/5/1998,,
44,NYK,damyean-dotson,damyean-dotson,Oregon,2017,77,210,5/6/1994,77,209
45,HOU,dillon-brooks,dillon-brooks,Oregon,2017,79,225,1/22/1996,77,205
46,PHI,sterling-brown,sterling-brown,SMU,2017,77,219,2/10/1995,78,200
47,IND,ike-anigbogu,ike-anigbogu,UCLA,2017,82,250,10/17/1998,82,250
48,MIL,sindarius-thornwell,sindarius-thornwell,South Carolina,2017,76,215,11/15/1994,77,215
49,DEN,vlatko-čančar,vlatko-cancar,,2017,80,236,4/10/1997,,
50,PHI,mathias-lessort,mathias-lessort,,2017,81,240,9/29/1995,,
51,DEN,monte-morris,monte-morris,Iowa State,2017,74,183,6/27/1995,74,170
52,NOP,edmond-sumner,edmond-sumner,Xavier,2017,76,196,12/31/1995,77,170
53,BOS,kadeem-allen,kadeem-allen,Arizona,2017,73,200,1/15/1993,75,180
54,PHO,alec-peters,alec-peters,Valparaiso,2017,81,232,4/13/1995,81,225
55,UTA,nigel-williams-goss,nigel-williams-goss,Gonzaga,2017,74,190,9/16/1994,75,185
56,BOS,jabari-bird,jabari-bird,California,2017,78,198,7/3/1994,78,198
57,BRK,sasha-vezenkov,sasha-vezenkov,,2017,81,225,8/6/1995,,
58,NYK,ognjen-jaramaz,ognjen-jaramaz,,2017,76,194,9/1/1995,,
59,SAS,jaron-blossomgame,jaron-blossomgame,Clemson,2017,80,220,9/16/1993,79,215
60,ATL,alpha-kaba,alpha-kaba,,2017,82,242,1/29/1996,,
1,PHO,deandre-ayton,deandre-ayton,Arizona,2018,83,250,7/23/1998,85,250
2,SAC,marvin-bagley-iii,marvin-bagley-iii,Duke,2018,83,235,3/14/1999,83,234
3,ATL,luka-dončić,luka-doncic,,2018,79,230,2/28/1999,,
4,MEM,jaren-jackson-jr.,jaren-jackson-jr.,Michigan State,2018,83,242,9/15/1999,83,242
5,DAL,trae-young,trae-young,Oklahoma,2018,73,180,9/19/1998,74,180
6,ORL,mo-bamba,mo-bamba,Texas,2018,84,231,5/12/1998,83,225
7,CHI,wendell-carter-jr.,wendell-carter-jr.,Duke,2018,82,270,4/16/1999,82,259
8,CLE,collin-sexton,collin-sexton,Alabama,2018,73,190,1/4/1999,75,190
9,NYK,kevin-knox,kevin-knox,Kentucky,2018,79,215,8/11/1999,81,215
10,PHI,mikal-bridges,mikal-bridges,Villanova,2018,78,209,8/30/1996,79,191
11,CHO,shai-gilgeous-alexander,shai-gilgeous-alexander,Kentucky,2018,78,180,7/12/1998,78,180
12,LAC,miles-bridges,miles-bridges,Michigan State,2018,78,225,3/21/1998,79,230
13,LAC,jerome-robinson,jerome-robinson,Boston College,2018,76,190,2/22/1997,79,181
14,DEN,michael-porter-jr.,michael-porter-jr.,Missouri,2018,82,218,6/29/1998,82,215
15,WAS,troy-brown-jr.,troy-brown-jr.,Oregon,2018,78,215,7/28/1999,79,215
16,PHO,zhaire-smith,zhaire-smith,Texas Tech,2018,75,205,6/4/1999,77,195
17,MIL,donte-divincenzo,donte-divincenzo,Villanova,2018,76,203,1/31/1997,77,200
18,SAS,lonnie-walker,lonnie-walker,Miami (FL),2018,76,204,12/14/1998,76,192
19,ATL,kevin-huerter,kevin-huerter,Maryland,2018,79,190,8/27/1998,79,190
20,MIN,josh-okogie,josh-okogie,Georgia Tech,2018,76,213,9/1/1998,76,207
21,UTA,grayson-allen,grayson-allen,Duke,2018,76,198,10/8/1995,76,195
22,CHI,chandler-hutchison,chandler-hutchison,Boise State,2018,78,210,4/26/1996,79,190
23,IND,aaron-holiday,aaron-holiday,UCLA,2018,72,185,9/30/1996,73,185
24,POR,anfernee-simons,anfernee-simons,,2018,75,181,6/8/1999,,
25,LAL,moritz-wagner,moritz-wagner,Michigan,2018,83,245,4/26/1997,82,210
26,PHI,landry-shamet,landry-shamet,Wichita State,2018,76,190,3/13/1997,76,179
27,BOS,robert-williams,robert-williams,Texas A&M,2018,80,237,10/17/1997,81,237
28,GSW,jacob-evans,jacob-evans,Cincinnati,2018,76,210,6/18/1997,78,210
29,BRK,džanan-musa,dzanan-musa,,2018,81,217,5/8/1999,,
30,ATL,omari-spellman,omari-spellman,Villanova,2018,80,245,7/21/1997,81,260
31,PHO,elie-okobo,elie-okobo,,2018,75,190,10/23/1997,,
32,MEM,jevon-carter,jevon-carter,West Virginia,2018,73,200,9/14/1995,74,185
33,DAL,jalen-brunson,jalen-brunson,Villanova,2018,73,190,8/31/1996,75,199
34,ATL,devonte'-graham,devonte'-graham,Kansas,2018,73,195,2/22/1995,74,175
35,ORL,melvin-frazier,melvin-frazier,Tulane,2018,77,215,8/30/1996,77,200
36,NYK,mitchell-robinson,mitchell-robinson,,2018,84,240,4/1/1998,,
37,SAC,gary-trent-jr.,gary-trent-jr.,Duke,2018,77,209,1/18/1999,78,209
38,PHI,khyri-thomas,khyri-thomas,Creighton,2018,75,210,5/8/1996,75,200
39,PHI,isaac-bonga,isaac-bonga,,2018,80,180,11/8/1999,,
40,BRK,rodions-kurucs,rodions-kurucs,,2018,81,228,2/5/1998,,
41,ORL,jarred-vanderbilt,jarred-vanderbilt,Kentucky,2018,81,214,4/3/1999,81,214
42,DET,bruce-brown,bruce-brown,Miami (FL),2018,76,202,8/15/1996,77,190
43,DEN,justin-jackson,justin-jackson,Maryland,2018,79,225,2/18/1997,79,225
44,WAS,issuf-sanon,issuf-sanon,,2018,76,172,10/30/1999,,
45,BRK,hamidou-diallo,hamidou-diallo,Kentucky,2018,77,202,7/31/1998,77,190
46,HOU,de'anthony-melton,de'anthony-melton,USC,2018,74,200,5/28/1998,76,190
47,LAL,sviatoslav-mykhailiuk,sviatoslav-mykhailiuk,Kansas,2018,79,205,6/10/1997,80,195
48,MIN,keita-bates-diop,keita-bates-diop,Ohio State,2018,80,229,1/23/1996,79,190
49,SAS,chimezie-metu,chimezie-metu,USC,2018,81,225,3/22/1997,83,215
50,IND,alize-johnson,alize-johnson,Missouri State,2018,79,212,4/22/1996,81,201
51,NOP,tony-carr,tony-carr,Penn State,2018,77,204,10/11/1997,77,204
52,UTA,vince-edwards,vince-edwards,Purdue,2018,80,225,4/5/1996,79,220
53,OKC,devon-hall,devon-hall,Virginia,2018,74,215,7/7/1995,77,210
54,DAL,shake-milton,shake-milton,SMU,2018,77,205,9/26/1996,77,195
55,CHO,arnoldas-kulboka,arnoldas-kulboka,,2018,81,198,1/4/1998,,
56,PHI,ray-spalding,ray-spalding,Louisville,2018,82,215,3/11/1997,82,210
57,OKC,kevin-hervey,kevin-hervey,UT Arlington,2018,81,230,7/9/1996,79,210
58,DEN,thomas-welsh,thomas-welsh,UCLA,2018,84,255,2/3/1996,84,245
59,PHO,george-king,george-king,Colorado,2018,78,225,1/15/1994,78,220
60,PHI,kostas-antetokounmpo,kostas-antetokounmpo,Dayton,2018,82,200,11/20/1997,82,190
1,NOP,zion-williamson,zion-williamson,Duke,2019,79,284,7/6/2000,79,285
2,MEM,ja-morant,ja-morant,Murray State,2019,75,174,8/10/1999,75,175
3,NYK,rj-barrett,rj-barrett,Duke,2019,78,214,6/14/2000,79,202
4,LAL,de'andre-hunter,de'andre-hunter,Virginia,2019,80,225,12/2/1997,79,225
5,CLE,darius-garland,darius-garland,Vanderbilt,2019,73,192,1/26/2000,74,175
6,PHO,jarrett-culver,jarrett-culver,Texas Tech,2019,78,195,2/20/1999,77,195
7,CHI,coby-white,coby-white,UNC,2019,77,195,2/16/2000,77,185
8,ATL,jaxson-hayes,jaxson-hayes,Texas,2019,83,220,5/23/2000,83,220
9,WAS,rui-hachimura,rui-hachimura,Gonzaga,2019,80,230,2/8/1998,80,230
10,ATL,cam-reddish,cam-reddish,Duke,2019,80,218,9/1/1999,80,218
11,MIN,cameron-johnson,cameron-johnson,UNC,2019,80,210,3/3/1996,81,210
12,CHO,p.j.-washington,p.j.-washington,Kentucky,2019,79,230,8/23/1998,80,228
13,MIA,tyler-herro,tyler-herro,Kentucky,2019,77,195,1/20/2000,77,195
14,BOS,romeo-langford,romeo-langford,Indiana,2019,76,216,10/25/1999,78,215
15,DET,sekou-doumbouya,sekou-doumbouya,,2019,80,230,12/23/2000,,
16,ORL,chuma-okeke,chuma-okeke,Auburn,2019,78,229,8/18/1998,80,230
17,BRK,nickeil-alexander-walker,nickeil-alexander-walker,Virginia Tech,2019,78,205,9/2/1998,77,205
18,IND,goga-bitadze,goga-bitadze,,2019,83,250,7/20/1999,,
19,SAS,luka-šamanić,luka-samanic,,2019,82,227,1/9/2000,,
20,BOS,matisse-thybulle,matisse-thybulle,Washington,2019,77,200,3/4/1997,77,195
21,OKC,brandon-clarke,brandon-clarke,Gonzaga,2019,80,215,9/19/1996,80,215
22,BOS,grant-williams,grant-williams,Tennessee,2019,78,236,11/30/1998,79,236
23,UTA,darius-bazley,darius-bazley,,2019,80,208,6/12/2000,,
24,PHI,ty-jerome,ty-jerome,Virginia,2019,77,195,7/8/1997,77,195
25,POR,nassir-little,nassir-little,UNC,2019,77,220,2/11/2000,78,220
26,CLE,dylan-windler,dylan-windler,Belmont,2019,78,196,9/22/1996,80,200
27,BRK,mfiondu-kabengele,mfiondu-kabengele,Florida State,2019,81,250,8/14/1997,82,250
28,GSW,jordan-poole,jordan-poole,Michigan,2019,76,194,6/19/1999,77,195
29,SAS,keldon-johnson,keldon-johnson,Kentucky,2019,77,220,10/11/1999,78,211
30,MIL,kevin-porter-jr.,kevin-porter-jr.,USC,2019,76,203,5/4/2000,78,218
31,BRK,nicolas-claxton,nicolas-claxton,Georgia,2019,83,215,4/17/1999,83,220
32,PHO,kz-okpala,kz-okpala,Stanford,2019,80,215,4/28/1999,81,215
33,PHI,carsen-edwards,carsen-edwards,Purdue,2019,71,200,3/12/1998,73,200
34,PHI,bruno-fernando,bruno-fernando,Maryland,2019,81,240,8/15/1998,82,240
35,ATL,didi-louzada,didi-louzada,,2019,77,188,2/7/1999,,
36,CHO,cody-martin,cody-martin,Nevada,2019,77,205,9/28/1995,79,205
37,DAL,deividas-sirvydis,deividas-sirvydis,,2019,80,190,6/10/2000,,
38,CHI,daniel-gafford,daniel-gafford,Arkansas,2019,82,234,10/1/1998,83,233
39,NOP,alen-smailagić,alen-smailagic,,2019,82,215,8/18/2000,,
40,SAC,justin-james,justin-james,Wyoming,2019,79,190,1/24/1997,79,190
41,GSW,eric-paschall,eric-paschall,Villanova,2019,78,255,11/4/1996,80,255
42,PHI,admiral-schofield,admiral-schofield,Tennessee,2019,77,241,3/30/1997,78,241
43,MIN,jaylen-nowell,jaylen-nowell,Washington,2019,76,201,7/9/1999,76,200
44,MIA,bol-bol,bol-bol,Oregon,2019,86,220,11/16/1999,86,235
45,DET,isaiah-roby,isaiah-roby,Nebraska,2019,80,230,2/3/1998,80,230
46,ORL,talen-horton-tucker,talen-horton-tucker,Iowa State,2019,76,234,11/25/2000,76,233
47,SAC,ignas-brazdeikis,ignas-brazdeikis,Michigan,2019,78,221,1/8/1999,79,215
48,LAC,terance-mann,terance-mann,Florida State,2019,77,215,10/18/1996,79,215
49,SAS,quinndary-weatherspoon,quinndary-weatherspoon,Mississippi State,2019,75,205,9/10/1996,76,205
50,IND,jarrell-brantley,jarrell-brantley,College of Charleston,2019,77,250,6/7/1996,79,255
51,BOS,tremont-waters,tremont-waters,LSU,2019,70,175,1/10/1998,71,175
52,CHO,jalen-mcdaniels,jalen-mcdaniels,San Diego State,2019,81,205,1/31/1998,82,195
53,UTA,justin-wright-foreman,justin-wright-foreman,Hofstra,2019,72,190,10/27/1997,74,190
54,PHI,marial-shayok,marial-shayok,Iowa State,2019,77,198,7/26/1995,78,198
55,NYK,kyle-guy,kyle-guy,Virginia,2019,73,167,8/11/1997,74,175
56,LAC,jaylen-hands,jaylen-hands,UCLA,2019,75,180,2/12/1999,75,180
57,NOP,jordan-bone,jordan-bone,Tennessee,2019,74,180,11/5/1997,75,180
58,GSW,miye-oni,miye-oni,Yale,2019,77,206,8/4/1997,78,210
59,TOR,dewan-hernandez,dewan-hernandez,Miami (FL),2019,82,235,12/9/1996,83,235
60,SAC,vanja-marinković,vanja-marinkovic,,2019,78,200,1/9/1997,,
1,MIN,anthony-edwards,anthony-edwards,Georgia,2020,76,225,8/5/2001,77,225
2,GSW,james-wiseman,james-wiseman,Memphis,2020,84,240,3/31/2001,85,240
3,CHO,lamelo-ball,lamelo-ball,,2020,78,180,8/22/2001,,
4,CHI,patrick-williams,patrick-williams,Florida State,2020,79,215,8/26/2001,80,225
5,CLE,isaac-okoro,isaac-okoro,Auburn,2020,77,225,1/26/2001,78,225
6,ATL,onyeka-okongwu,onyeka-okongwu,USC,2020,80,235,12/11/2000,81,245
7,DET,killian-hayes,killian-hayes,,2020,77,195,7/27/2001,,
8,NYK,obi-toppin,obi-toppin,Dayton,2020,81,220,3/4/1998,81,220
9,WAS,deni-avdija,deni-avdija,,2020,81,210,1/3/2001,,
10,PHO,jalen-smith,jalen-smith,Maryland,2020,82,215,3/16/2000,82,225
11,SAS,devin-vassell,devin-vassell,Florida State,2020,77,200,8/23/2000,78,180
12,SAC,tyrese-haliburton,tyrese-haliburton,Iowa State,2020,77,185,2/29/2000,77,175
13,NOP,kira-lewis-jr.,kira-lewis-jr.,Alabama,2020,73,170,4/6/2001,75,165
14,BOS,aaron-nesmith,aaron-nesmith,Vanderbilt,2020,77,215,10/16/1999,78,213
15,ORL,cole-anthony,cole-anthony,UNC,2020,74,185,5/15/2000,75,190
16,POR,isaiah-stewart,isaiah-stewart,Washington,2020,80,250,5/22/2001,81,250
17,MIN,aleksej-pokusevski,aleksej-pokusevski,,2020,84,190,12/26/2001,,
18,DAL,josh-green,josh-green,Arizona,2020,77,200,11/16/2000,78,210
19,BRK,saddiq-bey,saddiq-bey,Villanova,2020,79,215,4/9/1999,80,216
20,MIA,precious-achiuwa,precious-achiuwa,Memphis,2020,80,225,9/19/1999,81,225
21,PHI,tyrese-maxey,tyrese-maxey,Kentucky,2020,74,200,11/4/2000,75,198
22,DEN,zeke-nnaji,zeke-nnaji,Arizona,2020,81,240,1/9/2001,83,240
23,NYK,leandro-bolmaro,leandro-bolmaro,,2020,78,200,9/11/2000,,
24,MIL,r.j.-hampton,r.j.-hampton,,2020,76,175,2/7/2001,,
25,OKC,immanuel-quickley,immanuel-quickley,Kentucky,2020,75,190,6/17/1999,75,188
26,BOS,payton-pritchard,payton-pritchard,Oregon,2020,73,195,1/28/1998,74,190
27,UTA,udoka-azubuike,udoka-azubuike,Kansas,2020,80,280,9/17/1999,84,270
28,LAL,jaden-mcdaniels,jaden-mcdaniels,Washington,2020,81,185,9/29/2000,81,200
29,TOR,malachi-flynn,malachi-flynn,San Diego State,2020,73,175,5/10/1998,73,185
30,BOS,desmond-bane,desmond-bane,TCU,2020,77,215,6/25/1998,78,215
31,DAL,tyrell-terry,tyrell-terry,Stanford,2020,74,160,9/28/2000,73,160
32,CHO,vernon-carey-jr.,vernon-carey-jr.,Duke,2020,81,270,2/25/2001,82,270
33,MIN,daniel-oturu,daniel-oturu,Minnesota,2020,80,240,9/20/1999,82,240
34,PHI,théo-maledon,theo-maledon,,2020,76,175,6/12/2001,,
35,SAC,xavier-tillman-sr.,xavier-tillman-sr.,Michigan State,2020,80,245,1/12/1999,80,245
36,PHI,tyler-bey,tyler-bey,Colorado,2020,79,215,2/10/1998,79,218
37,WAS,vit-krejci,vit-krejci,,2020,80,195,6/19/2000,,
38,UTA,saben-lee,saben-lee,Vanderbilt,2020,74,183,6/23/1999,74,183
39,NOP,elijah-hughes,elijah-hughes,Syracuse,2020,78,215,3/10/1998,78,215
40,MEM,robert-woodard,robert-woodard,Mississippi State,2020,78,235,9/22/1999,79,230
41,SAS,tre-jones,tre-jones,Duke,2020,73,185,1/8/2000,75,185
42,NOP,nick-richards,nick-richards,Kentucky,2020,84,245,11/29/1997,83,247
43,SAC,jahmi'us-ramsey,jahmi'us-ramsey,Texas Tech,2020,75,190,6/9/2001,76,195
44,CHI,marko-simonovic,marko-simonovic,,2020,83,216,10/15/1999,,
45,MIL,jordan-nwora,jordan-nwora,Louisville,2020,80,225,9/9/1998,79,225
46,POR,cj-elleby,cj-elleby,Washington State,2020,78,200,6/16/2000,78,200
47,BOS,yam-madar,yam-madar,,2020,75,190,12/21/2000,,
48,GSW,nico-mannion,nico-mannion,Arizona,2020,74,190,3/14/2001,75,190
49,PHI,isaiah-joe,isaiah-joe,Arkansas,2020,76,165,7/2/1999,77,180
50,ATL,skylar-mays,skylar-mays,LSU,2020,76,205,9/5/1997,76,205
51,GSW,justinian-jessup,justinian-jessup,Boise State,2020,79,202,5/23/1998,79,202
52,SAC,kenyon-martin-jr.,kenyon-martin-jr.,,2020,78,215,1/6/2001,,
53,OKC,cassius-winston,cassius-winston,Michigan State,2020,73,185,2/28/1998,73,185
54,IND,cassius-stanley,cassius-stanley,Duke,2020,77,190,8/18/1999,78,193
55,BRK,jay-scrubb,jay-scrubb,John A. Logan College,2020,77,220,9/1/2000,,
56,CHO,grant-riller,grant-riller,College of Charleston,2020,74,190,2/8/1997,75,190
57,LAC,reggie-perry,reggie-perry,Mississippi State,2020,80,250,3/21/2000,82,250
58,PHI,paul-reed,paul-reed,DePaul,2020,81,210,6/14/1999,81,220
59,TOR,jalen-harris,jalen-harris,Nevada,2020,77,195,8/14/1998,77,195
60,NOP,sam-merrill,sam-merrill,Utah State University,2020,76,205,5/15/1996,77,205
